Fecha,Kiteni,PS#1,PS#2,PS#3,PS#4,Mes,AÃ±o
2020-01-01,5.0,73.2,9.2,1.0,2.0,1,2020
2020-01-02,41.4,9.2,11.8,0.2,0.6000000000000001,1,2020
2020-01-03,2.8,32.0,10.6,0.9,0.8,1,2020
2020-01-04,0.0,0.0,0.0,0.4,0.2,1,2020
2020-01-05,13.6,4.4,24.2,0.2,0.4,1,2020
2020-01-06,4.2,35.2,9.4,5.5,5.0,1,2020
2020-01-07,5.4,3.4000000000000004,1.4,0.2,0.4,1,2020
2020-01-08,12.8,25.2,11.2,1.0,0.4,1,2020
2020-01-09,5.2,0.0,9.2,7.0,5.6,1,2020
2020-01-10,1.4,9.2,0.0,1.0,0.6,1,2020
2020-01-11,0.4,8.4,0.0,0.2,0.4,1,2020
2020-01-12,0.3,27.0,5.2,0.4,0.2,1,2020
2020-01-13,2.8,0.0,0.3,0.8,0.6,1,2020
2020-01-14,26.2,72.8,9.2,5.4,3.0,1,2020
2020-01-15,11.9,40.6,24.0,14.4,9.0,1,2020
2020-01-16,2.6,9.0,34.5,15.2,14.4,1,2020
2020-01-17,1.4,0.4,0.0,14.6,10.4,1,2020
2020-01-18,21.0,11.4,12.0,14.6,17.0,1,2020
2020-01-19,0.0,0.0,0.0,0.6000000000000001,3.0,1,2020
2020-01-20,1.0,0.0,35.0,0.0,0.0,1,2020
2020-01-21,19.0,1.4,38.3,4.0,2.0,1,2020
2020-01-22,13.0,19.200000000000003,42.1,17.0,14.0,1,2020
2020-01-23,14.1,20.6,58.4,2.0,0.0,1,2020
2020-01-24,5.699999999999999,0.0,2.1,6.0,2.0,1,2020
2020-01-25,5.6,2.0,13.1,18.0,12.0,1,2020
2020-01-26,1.0,7.8,3.2,0.0,0.0,1,2020
2020-01-27,0.0,1.0,0.0,0.0,0.0,1,2020
2020-01-28,0.0,0.0,0.0,0.0,0.0,1,2020
2020-01-29,26.6,4.0,42.2,4.0,2.0,1,2020
2020-01-30,3.0,1.2,0.8,20.0,18.0,1,2020
2020-01-31,0.3,0.0,7.0,4.0,4.0,1,2020
2020-02-01,3.0,0.0,0.0,6.0,4.0,2,2020
2020-02-02,8.2,3.2,24.0,2.0,0.0,2,2020
2020-02-03,3.4,1.0,35.0,6.0,4.0,2,2020
2020-02-04,0.0,2.6,0.0,0.0,0.0,2,2020
2020-02-05,51.2,7.2,60.2,8.0,6.0,2,2020
2020-02-06,57.9,77.7,47.400000000000006,0.0,0.0,2,2020
2020-02-07,3.0,6.0,49.0,10.0,8.0,2,2020
2020-02-08,10.1,5.8,17.400000000000002,6.0,4.0,2,2020
2020-02-09,11.5,3.4,12.0,10.0,8.0,2,2020
2020-02-10,9.3,22.0,0.0,28.0,20.0,2,2020
2020-02-11,14.7,22.6,24.2,42.0,33.0,2,2020
2020-02-12,3.4,73.4,20.2,4.0,2.0,2,2020
2020-02-13,2.4,18.6,6.8,6.0,4.0,2,2020
2020-02-14,7.7,6.8,18.8,6.0,4.0,2,2020
2020-02-15,22.5,0.0,9.0,0.6,1.2000000000000002,2,2020
2020-02-16,16.2,5.2,9.4,14.6,17.0,2,2020
2020-02-17,0.8,57.0,0.0,2.4,2.8,2,2020
2020-02-18,14.8,0.0,8.4,13.2,10.8,2,2020
2020-02-19,0.2,20.8,1.2,5.2,4.8,2,2020
2020-02-20,0.0,0.0,0.0,0.8,0.6,2,2020
2020-02-21,2.1,2.0,8.6,1.2,1.4,2,2020
2020-02-22,2.6,19.4,7.800000000000001,18.0,16.0,2,2020
2020-02-23,17.2,1.0,1.2,26.0,24.6,2,2020
2020-02-24,0.2,0.0,0.0,2.0,2.4,2,2020
2020-02-25,0.5,12.0,2.2,2.6,0.0,2,2020
2020-02-26,39.0,11.8,39.0,4.0,2.0,2,2020
2020-02-27,9.0,30.0,46.4,8.0,4.0,2,2020
2020-02-28,2.4,0.0,0.0,14.0,10.0,2,2020
2020-02-29,0.2,6.8,0.0,16.0,14.0,2,2020
2020-03-01,5.1000000000000005,10.0,8.5,12.0,10.0,3,2020
2020-03-02,0.2,0.1,0.0,4.0,2.0,3,2020
2020-03-03,12.4,0.0,0.0,0.0,0.0,3,2020
2020-03-04,0.6,0.0,5.5,12.0,8.0,3,2020
2020-03-05,0.0,0.0,0.0,2.0,0.0,3,2020
2020-03-06,0.6,0.0,0.0,12.0,4.0,3,2020
2020-03-07,0.0,0.0,0.4,0.0,0.0,3,2020
2020-03-08,1.6,0.0,23.0,0.0,0.0,3,2020
2020-03-09,0.0,0.0,9.2,0.0,0.0,3,2020
2020-03-10,6.2,0.6,2.3,0.0,0.0,3,2020
2020-03-11,0.0,0.0,56.6,0.0,0.0,3,2020
2020-03-12,0.0,27.2,0.6,12.0,10.0,3,2020
2020-03-13,1.8,4.8,0.0,1.6,1.0,3,2020
2020-03-14,0.0,2.8,0.0,0.0,0.2,3,2020
2020-03-15,10.4,2.5,61.4,4.0,3.6,3,2020
2020-03-16,2.2,4.0,0.0,3.8,2.8,3,2020
2020-03-17,22.8,7.9,24.6,25.0,20.0,3,2020
2020-03-18,19.2,50.2,2.6,18.8,16.0,3,2020
2020-03-19,0.0,0.0,0.0,1.6,1.2,3,2020
2020-03-20,3.0,53.8,10.8,2.6,1.8,3,2020
2020-03-21,0.0,58.7,20.6,0.0,0.0,3,2020
2020-03-22,10.5,12.3,23.0,0.0,0.0,3,2020
2020-03-23,4.8,21.3,2.8,22.0,13.0,3,2020
2020-03-24,2.4,0.0,0.0,5.5,2.0,3,2020
2020-03-25,0.0,0.0,0.0,0.0,2.0,3,2020
2020-03-26,1.7,0.0,3.2,0.0,0.0,3,2020
2020-03-27,2.6,1.8,17.0,0.0,0.0,3,2020
2020-03-28,35.0,50.0,59.8,7.3,4.0,3,2020
2020-03-29,23.2,20.8,22.4,0.0,0.0,3,2020
2020-03-30,7.0,3.0,14.4,26.5,16.0,3,2020
2020-03-31,31.2,10.2,22.4,19.5,16.0,3,2020
2020-04-01,0.0,10.2,0.6,10.3,5.0,4,2020
2020-04-02,0.0,0.0,0.0,16.5,10.0,4,2020
2020-04-03,1.0,4.0,1.2,1.5,10.0,4,2020
2020-04-04,0.0,1.2,0.0,1.0,0.0,4,2020
2020-04-05,0.0,3.4,3.2,0.0,0.0,4,2020
2020-04-06,4.0,19.6,6.800000000000001,0.5,0.2,4,2020
2020-04-07,0.0,0.0,0.0,0.0,0.0,4,2020
2020-04-08,8.8,10.8,10.4,12.5,7.0,4,2020
2020-04-09,3.6,0.0,0.0,0.0,0.0,4,2020
2020-04-10,2.0,0.4,1.8,0.0,0.0,4,2020
2020-04-11,2.2,2.8,1.6,2.0,1.0,4,2020
2020-04-12,0.0,0.0,1.8,0.0,0.0,4,2020
2020-04-13,0.0,0.0,0.0,2.2,0.0,4,2020
2020-04-14,0.0,0.8,1.8,0.0,0.0,4,2020
2020-04-15,0.0,3.6,1.6,0.0,0.0,4,2020
2020-04-16,9.2,2.4,2.2,0.0,0.0,4,2020
2020-04-17,4.4,6.0,1.2,6.8,6.0,4,2020
2020-04-18,0.0,0.0,0.0,20.5,10.0,4,2020
2020-04-19,0.0,0.0,0.0,0.0,0.0,4,2020
2020-04-20,0.0,0.0,0.6,2.0,0.0,4,2020
2020-04-21,0.0,0.0,0.0,0.0,0.0,4,2020
2020-04-22,0.0,0.0,0.0,0.0,0.0,4,2020
2020-04-23,5.0,16.6,12.8,2.0,3.0,4,2020
2020-04-24,0.0,0.0,5.2,10.0,8.0,4,2020
2020-04-25,0.0,0.0,0.4,0.0,0.0,4,2020
2020-04-26,40.5,27.2,24.6,0.0,0.0,4,2020
2020-04-27,4.6,0.0,18.4,10.0,6.0,4,2020
2020-04-28,3.6,1.8,3.8,0.0,0.0,4,2020
2020-04-29,3.0,23.8,1.6,0.0,0.0,4,2020
2020-04-30,0.4,47.4,0.2,0.0,0.0,4,2020
2020-05-01,8.8,75.0,13.2,18.0,10.0,5,2020
2020-05-02,6.2,46.8,6.4,4.0,0.0,5,2020
2020-05-03,5.6,0.8,7.8,0.0,0.0,5,2020
2020-05-04,0.8,2.8,3.4,2.0,0.0,5,2020
2020-05-05,0.2,3.4,0.0,0.0,0.0,5,2020
2020-05-06,0.8,0.0,0.0,0.0,0.0,5,2020
2020-05-07,1.6,6.8,2.4,0.0,0.0,5,2020
2020-05-08,0.2,2.2,6.0,2.0,0.0,5,2020
2020-05-09,0.0,0.0,0.0,2.0,0.0,5,2020
2020-05-10,0.0,0.0,0.0,0.0,0.0,5,2020
2020-05-11,0.0,0.0,1.0,0.0,0.0,5,2020
2020-05-12,0.0,0.0,0.0,0.0,0.0,5,2020
2020-05-13,0.0,0.0,0.0,0.0,0.0,5,2020
2020-05-14,0.0,1.2,0.0,0.0,0.0,5,2020
2020-05-15,0.0,5.8,0.8,0.0,0.0,5,2020
2020-05-16,0.0,0.0,0.0,0.0,0.0,5,2020
2020-05-17,0.0,0.0,1.0,0.0,0.0,5,2020
2020-05-18,0.0,0.0,0.0,0.0,0.0,5,2020
2020-05-19,10.4,0.0,1.0,0.0,0.0,5,2020
2020-05-20,0.8,0.0,1.8,0.0,0.0,5,2020
2020-05-21,0.2,1.2,2.8,0.0,0.0,5,2020
2020-05-22,0.8,0.0,1.0,0.0,0.0,5,2020
2020-05-23,0.4,0.0,3.8,0.0,0.0,5,2020
2020-05-24,5.8,3.2,8.0,0.0,0.0,5,2020
2020-05-25,0.0,0.0,1.4,0.0,0.0,5,2020
2020-05-26,0.0,0.0,0.0,0.0,0.0,5,2020
2020-05-27,0.0,0.0,0.0,0.0,0.0,5,2020
2020-05-28,0.0,0.0,0.0,0.0,0.0,5,2020
2020-05-29,0.0,0.0,0.0,0.0,0.0,5,2020
2020-05-30,0.0,0.0,0.0,0.0,0.0,5,2020
2020-05-31,0.0,0.0,0.0,0.0,0.0,5,2020
2020-06-01,0.0,0.0,0.0,0.0,0.0,6,2020
2020-06-02,0.0,0.0,0.0,0.0,0.0,6,2020
2020-06-03,0.0,73.8,0.0,0.0,0.0,6,2020
2020-06-04,1.0,15.8,6.2,0.0,0.0,6,2020
2020-06-05,6.4,12.0,21.4,16.0,4.0,6,2020
2020-06-06,18.2,2.8,15.0,45.0,38.0,6,2020
2020-06-07,0.0,10.4,3.6,0.0,0.0,6,2020
2020-06-08,0.0,0.0,0.0,0.0,0.0,6,2020
2020-06-09,0.0,0.0,1.0,0.0,0.0,6,2020
2020-06-10,0.8,0.0,2.0,0.0,0.0,6,2020
2020-06-11,0.0,6.6,3.0,0.0,0.0,6,2020
2020-06-12,0.2,0.0,3.0,0.0,0.0,6,2020
2020-06-13,0.0,1.6,0.0,0.0,0.0,6,2020
2020-06-14,2.6,0.0,0.0,20.0,20.0,6,2020
2020-06-15,0.0,20.8,5.6000000000000005,10.5,8.0,6,2020
2020-06-16,0.0,0.0,0.0,0.0,0.0,6,2020
2020-06-17,0.0,6.8,0.0,0.0,0.0,6,2020
2020-06-18,0.0,18.8,0.0,0.0,0.0,6,2020
2020-06-19,0.0,0.0,0.0,0.0,0.0,6,2020
2020-06-20,0.0,0.0,2.4,0.0,0.0,6,2020
2020-06-21,0.0,0.0,32.8,0.0,0.0,6,2020
2020-06-22,0.0,116.0,7.2,0.0,0.0,6,2020
2020-06-23,1.8,4.5,0.0,4.5,2.0,6,2020
2020-06-24,0.0,4.0,0.0,0.0,0.0,6,2020
2020-06-25,0.0,0.0,0.4,0.0,0.0,6,2020
2020-06-26,0.2,0.0,0.2,0.0,0.0,6,2020
2020-06-27,0.0,7.5,0.2,0.0,0.0,6,2020
2020-06-28,0.0,1.0,0.0,0.0,0.0,6,2020
2020-06-29,0.0,6.0,0.0,0.0,0.0,6,2020
2020-06-30,0.0,0.0,0.2,0.0,0.0,6,2020
2020-07-01,0.0,0.0,0.0,0.0,0.0,7,2020
2020-07-02,0.0,0.0,0.4,0.0,0.0,7,2020
2020-07-03,0.0,23.0,0.2,0.0,0.0,7,2020
2020-07-04,0.2,1.0,0.4,0.0,0.0,7,2020
2020-07-05,0.0,0.0,0.2,0.0,0.0,7,2020
2020-07-06,0.0,0.0,0.2,0.0,0.0,7,2020
2020-07-07,0.2,34.0,11.4,0.0,0.0,7,2020
2020-07-08,0.0,4.0,0.4,0.0,0.0,7,2020
2020-07-09,0.0,1.0,1.4,0.0,0.0,7,2020
2020-07-10,0.2,74.0,3.4000000000000004,17.2,8.0,7,2020
2020-07-11,0.0,0.5,0.2,0.0,0.0,7,2020
2020-07-12,0.0,0.0,0.2,0.0,0.0,7,2020
2020-07-13,0.0,0.0,0.0,0.0,0.0,7,2020
2020-07-14,0.0,0.0,0.2,0.0,0.0,7,2020
2020-07-15,0.0,4.0,0.0,0.0,0.0,7,2020
2020-07-16,1.8,1.0,0.2,0.0,0.0,7,2020
2020-07-17,2.0,1.0,0.0,0.0,0.0,7,2020
2020-07-18,0.0,0.0,0.0,0.0,0.0,7,2020
2020-07-19,0.0,0.0,0.0,0.0,0.0,7,2020
2020-07-20,0.0,0.0,0.0,0.0,0.0,7,2020
2020-07-21,0.0,0.0,0.0,0.0,0.0,7,2020
2020-07-22,0.0,0.0,0.0,0.0,0.0,7,2020
2020-07-23,0.0,49.0,0.0,0.0,0.0,7,2020
2020-07-24,0.0,41.0,4.3,0.0,0.0,7,2020
2020-07-25,0.0,8.0,0.0,0.0,0.0,7,2020
2020-07-26,4.0,2.0,38.1,0.0,0.0,7,2020
2020-07-27,0.0,0.0,0.0,0.0,0.0,7,2020
2020-07-28,0.0,1.5,0.0,0.0,0.0,7,2020
2020-07-29,0.0,0.0,0.0,0.0,0.0,7,2020
2020-07-30,4.5,32.5,0.4,0.0,0.0,7,2020
2020-07-31,3.0,0.0,2.1,0.0,0.0,7,2020
2020-08-01,0.0,0.0,0.0,0.0,0.0,8,2020
2020-08-02,0.0,0.0,0.0,0.0,0.0,8,2020
2020-08-03,0.0,0.0,0.0,0.0,0.0,8,2020
2020-08-04,0.0,0.0,0.0,0.0,0.0,8,2020
2020-08-05,0.0,0.0,0.0,0.0,0.0,8,2020
2020-08-06,0.0,0.0,0.0,0.0,0.0,8,2020
2020-08-07,0.0,0.0,0.0,0.0,0.0,8,2020
2020-08-08,0.0,0.0,0.0,0.0,0.0,8,2020
2020-08-09,0.0,0.0,0.0,0.0,0.0,8,2020
2020-08-10,0.0,0.0,0.0,0.0,0.0,8,2020
2020-08-11,0.0,0.0,0.0,0.0,0.0,8,2020
2020-08-12,15.3,0.0,5.2,0.0,0.0,8,2020
2020-08-13,0.0,0.0,15.4,0.4,0.0,8,2020
2020-08-14,12.2,5.5,0.4,0.4,0.0,8,2020
2020-08-15,0.5,0.0,39.4,0.0,0.0,8,2020
2020-08-16,0.0,2.1,0.0,0.0,0.0,8,2020
2020-08-17,0.0,2.2,6.0,0.0,0.0,8,2020
2020-08-18,0.0,0.0,0.0,0.0,0.0,8,2020
2020-08-19,1.5,4.800000000000001,35.0,0.0,0.0,8,2020
2020-08-20,0.0,2.7,0.0,0.0,0.0,8,2020
2020-08-21,2.2,1.0,0.0,1.0,0.0,8,2020
2020-08-22,0.3,1.2,4.1,16.6,0.0,8,2020
2020-08-23,0.0,0.0,0.0,0.0,0.0,8,2020
2020-08-24,0.0,0.4,0.0,0.0,0.0,8,2020
2020-08-25,0.0,0.0,0.0,0.0,0.0,8,2020
2020-08-26,0.0,0.0,0.0,0.0,0.0,8,2020
2020-08-27,0.0,0.0,0.0,0.0,0.0,8,2020
2020-08-28,0.0,0.0,0.0,0.0,0.0,8,2020
2020-08-29,0.0,0.0,0.0,0.0,0.0,8,2020
2020-08-30,0.0,0.0,0.0,0.0,0.0,8,2020
2020-08-31,0.0,0.0,0.0,7.0,4.0,8,2020
2020-09-01,0.0,0.0,0.0,3.0,0.0,9,2020
2020-09-02,0.0,0.0,0.0,4.0,3.0,9,2020
2020-09-03,0.0,0.0,0.0,0.0,0.0,9,2020
2020-09-04,0.0,0.2,0.0,0.0,0.0,9,2020
2020-09-05,2.0,0.0,0.0,0.0,0.0,9,2020
2020-09-06,0.0,0.0,0.0,0.0,0.0,9,2020
2020-09-07,0.0,24.6,0.0,0.0,0.0,9,2020
2020-09-08,0.0,1.2,2.0,3.0,0.0,9,2020
2020-09-09,0.0,1.4,0.0,0.0,0.0,9,2020
2020-09-10,0.0,0.0,0.0,0.0,0.0,9,2020
2020-09-11,0.0,0.0,0.0,0.0,0.0,9,2020
2020-09-12,0.0,0.0,0.0,0.0,0.0,9,2020
2020-09-13,0.0,0.0,0.0,0.0,0.0,9,2020
2020-09-14,0.0,0.0,0.0,0.0,0.0,9,2020
2020-09-15,2.8,43.6,22.4,4.0,0.0,9,2020
2020-09-16,0.0,4.4,1.0,2.5,2.2,9,2020
2020-09-17,0.0,0.0,0.0,0.0,0.0,9,2020
2020-09-18,0.0,0.0,0.0,0.0,0.0,9,2020
2020-09-19,0.0,44.8,0.0,4.8,1.3,9,2020
2020-09-20,4.0,0.0,0.0,2.0,1.5,9,2020
2020-09-21,0.0,2.4,7.2,10.0,2.0,9,2020
2020-09-22,5.2,1.4,12.0,0.0,0.0,9,2020
2020-09-23,3.6,2.8,3.0,24.3,2.8,9,2020
2020-09-24,3.4000000000000004,1.7999999999999998,4.0,13.8,8.0,9,2020
2020-09-25,0.2,0.0,0.0,0.0,0.0,9,2020
2020-09-26,0.0,0.0,0.0,0.5,0.2,9,2020
2020-09-27,0.0,0.0,0.0,0.0,0.0,9,2020
2020-09-28,0.8,11.2,60.0,0.3,0.3,9,2020
2020-09-29,0.0,22.0,0.0,2.6,2.0,9,2020
2020-09-30,0.0,0.0,0.0,4.0,1.9,9,2020
2020-10-01,0.0,0.6,0.0,9.9,5.0,10,2020
2020-10-02,0.0,0.0,0.0,1.0,3.0,10,2020
2020-10-03,1.4,0.0,0.0,0.3,0.3,10,2020
2020-10-04,25.4,10.8,18.0,21.0,4.0,10,2020
2020-10-05,1.4,0.2,0.0,11.1,13.2,10,2020
2020-10-06,0.0,0.0,0.0,1.0,0.0,10,2020
2020-10-07,5.4,0.2,2.0,8.3,0.2,10,2020
2020-10-08,0.2,0.0,0.0,1.9,1.2,10,2020
2020-10-09,6.0,14.8,0.0,0.0,0.0,10,2020
2020-10-10,0.0,0.0,0.0,0.0,0.0,10,2020
2020-10-11,0.0,0.0,0.0,0.0,0.0,10,2020
2020-10-12,0.0,0.0,0.0,0.8,0.4,10,2020
2020-10-13,0.0,0.0,0.0,24.5,4.0,10,2020
2020-10-14,0.0,0.0,11.2,10.0,2.0,10,2020
2020-10-15,14.4,3.2,26.0,9.2,4.0,10,2020
2020-10-16,1.6,0.0,1.0,7.3,10.5,10,2020
2020-10-17,4.4,0.0,18.1,1.8,1.1,10,2020
2020-10-18,0.0,0.0,5.2,0.0,0.0,10,2020
2020-10-19,0.4,3.4,18.1,0.0,0.0,10,2020
2020-10-20,0.0,37.2,2.2,0.0,0.0,10,2020
2020-10-21,2.4,6.0,24.0,19.2,7.0,10,2020
2020-10-22,0.2,1.6,0.0,1.3,7.3,10,2020
2020-10-23,1.4,0.0,2.0,0.0,2.0,10,2020
2020-10-24,0.0,0.0,0.0,10.0,2.2,10,2020
2020-10-25,19.8,0.0,16.0,0.0,0.2,10,2020
2020-10-26,1.4,3.4,25.0,0.0,0.2,10,2020
2020-10-27,6.0,78.6,25.3,0.0,0.0,10,2020
2020-10-28,10.0,4.0,0.0,0.0,0.0,10,2020
2020-10-29,0.0,0.0,0.0,0.0,0.0,10,2020
2020-10-30,0.6,21.8,5.2,0.0,0.0,10,2020
2020-10-31,10.0,0.0,16.0,12.3,3.4,10,2020
2020-11-01,0.0,0.0,6.1,0.6,0.1,11,2020
2020-11-02,0.0,0.0,2.0,2.0,1.0,11,2020
2020-11-03,0.0,0.0,0.0,0.0,0.0,11,2020
2020-11-04,0.0,0.0,0.0,0.0,0.0,11,2020
2020-11-05,0.0,0.0,0.0,0.0,0.0,11,2020
2020-11-06,0.0,0.0,0.0,0.0,0.0,11,2020
2020-11-07,0.0,0.0,0.0,0.0,0.0,11,2020
2020-11-08,0.0,0.0,0.0,0.0,0.0,11,2020
2020-11-09,0.0,0.0,0.0,0.0,0.0,11,2020
2020-11-10,0.0,0.0,0.0,1.6,0.0,11,2020
2020-11-11,0.3,9.0,1.0,6.4,2.0,11,2020
2020-11-12,20.2,0.0,0.5,0.0,0.0,11,2020
2020-11-13,6.800000000000001,3.4,12.0,0.0,0.0,11,2020
2020-11-14,7.6,12.4,17.0,0.0,0.0,11,2020
2020-11-15,0.6000000000000001,19.2,3.0,4.6,1.0,11,2020
2020-11-16,1.4,0.0,0.0,0.0,0.0,11,2020
2020-11-17,0.0,2.0,2.0,0.0,0.0,11,2020
2020-11-18,0.0,6.0,0.0,0.0,0.0,11,2020
2020-11-19,0.0,86.4,0.0,0.0,0.0,11,2020
2020-11-20,7.8,37.9,40.0,2.0,0.0,11,2020
2020-11-21,0.0,6.0,0.0,0.0,0.0,11,2020
2020-11-22,0.0,0.0,0.0,0.0,0.0,11,2020
2020-11-23,0.0,0.0,0.0,0.0,0.0,11,2020
2020-11-24,0.0,0.0,0.0,0.0,0.0,11,2020
2020-11-25,0.0,0.0,0.0,0.0,0.0,11,2020
2020-11-26,24.0,0.0,0.0,2.4,0.0,11,2020
2020-11-27,3.0,17.2,1.0,2.0,0.0,11,2020
2020-11-28,6.2,7.0,16.0,8.4,0.0,11,2020
2020-11-29,28.0,17.0,65.0,20.0,0.0,11,2020
2020-11-30,2.8,7.800000000000001,86.0,0.0,0.0,11,2020
2020-12-01,38.0,6.2,55.0,2.6,0.0,12,2020
2020-12-02,5.2,6.0,69.0,8.8,0.0,12,2020
2020-12-03,0.0,15.0,0.0,8.4,0.0,12,2020
2020-12-04,3.8,70.4,6.0,0.0,0.0,12,2020
2020-12-05,10.8,53.2,36.6,10.4,0.0,12,2020
2020-12-06,34.6,2.0,120.2,10.8,0.0,12,2020
2020-12-07,8.4,31.0,8.1,11.0,0.0,12,2020
2020-12-08,11.7,13.6,11.3,7.0,6.2,12,2020
2020-12-09,0.4,0.0,10.2,7.0,3.0,12,2020
2020-12-10,9.2,2.0,2.1,0.0,0.0,12,2020
2020-12-11,46.400000000000006,23.8,64.2,2.4,0.4,12,2020
2020-12-12,27.4,5.800000000000001,3.0,0.0,0.2,12,2020
2020-12-13,4.0,17.2,20.1,8.2,4.2,12,2020
2020-12-14,2.8,5.8,1.0,0.0,0.0,12,2020
2020-12-15,3.0,12.6,11.2,0.0,0.0,12,2020
2020-12-16,4.2,94.6,6.1,0.0,0.0,12,2020
2020-12-17,4.0,15.2,3.2,0.0,0.0,12,2020
2020-12-18,8.6,0.0,0.0,3.8,2.0,12,2020
2020-12-19,0.0,0.0,0.0,0.0,0.0,12,2020
2020-12-20,0.0,6.4,0.0,0.0,2.0,12,2020
2020-12-21,24.2,16.8,24.2,2.0,0.0,12,2020
2020-12-22,2.0,29.4,31.2,24.2,0.0,12,2020
2020-12-23,6.9,29.6,16.799999999999997,16.6,0.0,12,2020
2020-12-24,0.1,8.8,0.0,0.0,0.0,12,2020
2020-12-25,1.9,0.0,1.6,0.0,0.0,12,2020
2020-12-26,18.4,20.8,35.4,3.7,0.0,12,2020
2020-12-27,33.3,13.6,29.0,28.0,22.0,12,2020
2020-12-28,8.799999999999999,43.0,22.0,12.0,6.0,12,2020
2020-12-29,1.8,14.0,1.2,2.0,0.0,12,2020
2020-12-30,0.1,10.78,0.2,8.0,4.0,12,2020
2020-12-31,29.3,24.4,64.4,2.0,0.0,12,2020
2020-01-01,6.4,57.6,24.0,14.0,2.0,1,2021
2020-01-02,1.8,16.6,0.0,0.0,0.0,1,2021
2020-01-03,21.9,20.4,37.0,0.0,0.0,1,2021
2020-01-04,1.8,1.8,1.8,0.0,0.0,1,2021
2020-01-05,48.5,34.6,9.8,0.0,0.0,1,2021
2020-01-06,2.9,26.2,67.0,0.0,0.0,1,2021
2020-01-07,39.0,31.6,49.8,0.0,0.0,1,2021
2020-01-08,10.9,6.2,13.4,0.0,0.0,1,2021
2020-01-09,2.2,0.0,1.0,0.0,0.0,1,2021
2020-01-10,16.0,0.8,68.0,0.0,0.0,1,2021
2020-01-11,4.0,0.0,7.4,0.0,0.0,1,2021
2020-01-12,0.0,42.2,6.0,0.0,0.0,1,2021
2020-01-13,7.1,25.0,3.8,0.0,0.0,1,2021
2020-01-14,9.3,25.200000000000003,38.4,0.0,0.0,1,2021
2020-01-15,32.0,24.6,51.4,0.0,0.0,1,2021
2020-01-16,0.9,7.2,0.0,0.0,0.0,1,2021
2020-01-17,46.0,25.8,22.0,0.0,0.0,1,2021
2020-01-18,14.1,3.2,32.2,0.0,0.0,1,2021
2020-01-19,38.2,30.6,19.6,0.0,0.0,1,2021
2020-01-20,6.2,6.2,5.6,0.0,0.0,1,2021
2020-01-21,0.0,0.4,0.0,0.0,0.0,1,2021
2020-01-22,0.0,0.0,0.0,0.0,0.0,1,2021
2020-01-23,0.0,0.0,0.0,0.0,0.0,1,2021
2020-01-24,0.0,14.2,2.0,0.0,0.0,1,2021
2020-01-25,3.0,8.200000000000001,11.4,0.0,0.0,1,2021
2020-01-26,16.4,6.8,18.8,0.0,0.0,1,2021
2020-01-27,2.0,9.0,6.0,0.0,0.0,1,2021
2020-01-28,5.6,0.0,4.8,0.0,0.0,1,2021
2020-01-29,12.2,0.0,32.2,0.0,0.0,1,2021
2020-01-30,4.0,0.0,0.0,0.0,0.0,1,2021
2020-01-31,22.0,0.0,0.0,0.0,0.0,1,2021
2021-02-01,0.0,0.0,0.0,0.0,2.0,2,2021
2021-02-02,0.0,0.0,0.0,6.2,0.0,2,2021
2021-02-03,0.0,0.0,0.0,18.6,9.2,2,2021
2021-02-04,0.0,0.0,54.8,16.4,2.6,2,2021
2021-02-05,0.0,0.0,0.1,16.0,18.6,2,2021
2021-02-06,0.0,0.0,17.7,2.0,9.2,2,2021
2021-02-07,0.0,0.0,10.0,0.0,0.0,2,2021
2021-02-08,0.0,0.0,37.1,22.06,4.8,2,2021
2021-02-09,0.0,0.0,0.0,18.6,0.0,2,2021
2021-02-10,0.0,0.0,40.2,19.2,12.8,2,2021
2021-02-11,0.0,0.0,9.0,39.4,16.4,2,2021
2021-02-12,0.0,0.0,9.3,12.8,12.0,2,2021
2021-02-13,0.0,0.0,23.7,2.6,2.6,2,2021
2021-02-14,0.0,23.9,0.0,0.0,22.0,2,2021
2021-02-15,0.0,59.8,13.6,2.6,12.0,2,2021
2021-02-16,0.0,4.0,2.0,12.6,18.4,2,2021
2021-02-17,0.0,10.4,5.3,2.0,8.4,2,2021
2021-02-18,0.0,6.4,12.4,0.0,0.0,2,2021
2021-02-19,0.0,5.2,6.3,4.6,12.4,2,2021
2021-02-20,0.0,17.4,1.0,8.6,2.8,2,2021
2021-02-21,0.0,8.6,3.0,16.2,8.8,2,2021
2021-02-22,0.0,36.6,1.5,12.4,6.2,2,2021
2021-02-23,0.0,24.8,5.6,2.4,2.0,2,2021
2021-02-24,0.0,21.6,0.0,12.0,8.2,2,2021
2021-02-25,0.0,0.4,4.4,14.6,0.0,2,2021
2021-02-26,0.0,27.2,0.0,0.0,0.0,2,2021
2021-02-27,0.0,106.2,19.4,12.8,8.2,2,2021
2021-02-28,0.0,0.6,2.0,12.6,11.2,2,2021
2021-03-01,0.0,0.0,0.0,0.0,0.0,3,2021
2021-04-01,0.0,11.6,8.0,18.2,12.0,4,2021
2021-04-02,0.0,0.0,0.2,12.2,2.6,4,2021
2021-04-03,0.0,10.4,17.2,4.2,2.0,4,2021
2021-04-04,0.0,8.8,18.6,46.0,18.6,4,2021
2021-04-05,0.0,0.0,1.2000000000000002,6.8,4.6,4,2021
2021-04-06,0.0,0.0,21.2,30.8,21.0,4,2021
2021-04-07,0.0,4.0,3.6,27.4,19.4,4,2021
2021-04-08,0.0,0.0,1.0,8.8,6.6,4,2021
2021-04-09,0.0,73.0,26.4,20.8,23.0,4,2021
2021-04-10,0.0,16.6,15.8,18.2,16.0,4,2021
2021-04-11,0.0,0.1,8.0,28.2,23.4,4,2021
2021-04-12,0.0,0.0,0.4,16.8,18.8,4,2021
2021-04-13,0.0,5.8,4.5,29.0,26.4,4,2021
2021-04-14,0.0,0.0,8.2,28.2,10.8,4,2021
2021-04-15,0.0,0.0,4.2,16.2,6.2,4,2021
2021-04-16,0.0,0.0,0.0,0.0,2.0,4,2021
2021-04-17,0.0,19.8,0.0,0.0,0.0,4,2021
2021-04-18,0.0,4.0,9.8,2.0,2.0,4,2021
2021-04-19,0.0,12.0,0.0,0.0,2.6,4,2021
2021-04-20,0.0,8.0,27.0,6.2,2.0,4,2021
2021-04-21,0.0,27.0,13.0,2.6,4.0,4,2021
2021-04-22,0.0,0.8,0.0,0.0,2.0,4,2021
2021-04-23,0.0,0.0,1.6,0.0,2.0,4,2021
2021-04-24,0.0,6.0,2.8,10.0,2.0,4,2021
2021-04-25,0.0,2.0,19.2,2.0,0.0,4,2021
2021-04-26,0.0,106.0,28.6,16.2,8.0,4,2021
2021-04-27,0.0,1.2,12.4,2.0,2.0,4,2021
2021-04-28,0.0,0.0,0.6,0.0,0.0,4,2021
2021-04-29,0.0,0.0,0.0,0.0,0.0,4,2021
2021-04-30,0.0,0.0,0.0,0.0,0.0,4,2021
2021-05-01,0.0,0.0,0.0,0.0,0.0,5,2021
2021-05-01,0.0,0.0,0.0,2.0,2.0,5,2021
2021-05-02,0.0,0.0,0.0,0.0,0.0,5,2021
2021-05-03,0.0,0.0,0.0,0.0,0.0,5,2021
2021-05-04,0.0,0.0,39.4,0.0,0.0,5,2021
2021-05-05,0.0,0.0,0.2,0.0,0.0,5,2021
2021-05-06,0.0,23.8,0.0,0.0,0.0,5,2021
2021-05-07,0.0,0.3,2.8,0.0,0.0,5,2021
2021-05-08,0.0,2.6,0.0,2.0,2.0,5,2021
2021-05-09,0.0,0.0,0.0,0.0,0.0,5,2021
2021-05-10,0.0,0.0,0.0,0.0,0.0,5,2021
2021-05-11,0.0,0.0,16.2,0.0,0.0,5,2021
2021-05-12,0.0,0.0,0.0,1.0,2.0,5,2021
2021-05-13,0.0,0.0,0.0,0.0,0.0,5,2021
2021-05-14,0.0,0.0,0.8,0.0,0.0,5,2021
2021-05-15,0.0,0.0,0.0,3.0,2.0,5,2021
2021-05-16,0.0,2.8,0.1,0.0,0.0,5,2021
2021-05-17,0.0,1.6,1.8,0.0,0.0,5,2021
2021-05-18,0.0,18.2,1.6,0.0,0.0,5,2021
2021-05-19,0.0,4.8,3.2,1.0,0.0,5,2021
2021-05-20,0.0,0.0,0.0,0.0,0.0,5,2021
2021-05-21,0.0,3.8,0.0,0.0,0.0,5,2021
2021-05-22,0.0,0.0,0.0,0.0,0.0,5,2021
2021-05-23,0.0,0.2,0.0,0.0,0.0,5,2021
2021-05-24,0.0,27.0,16.6,12.8,4.6,5,2021
2021-05-25,0.0,0.0,0.0,2.6,2.0,5,2021
2021-05-26,0.0,0.2,6.4,6.2,2.6,5,2021
2021-05-27,0.0,0.0,0.0,2.0,0.0,5,2021
2021-05-28,0.0,0.0,0.0,0.0,0.0,5,2021
2021-05-29,0.0,0.0,0.0,0.0,0.0,5,2021
2021-05-30,0.0,0.0,0.0,0.0,0.0,5,2021
2021-05-31,0.0,0.0,0.0,0.0,0.0,5,2021
2021-06-01,0.0,4.2,8.8,2.0,2.0,6,2021
2021-06-02,0.0,0.0,0.0,0.0,2.6,6,2021
2021-06-03,0.0,5.4,1.5,0.0,0.0,6,2021
2021-06-04,0.0,4.8,1.6,4.0,2.6,6,2021
2021-06-05,0.0,0.4,7.5,6.2,7.4,6,2021
2021-06-06,0.0,23.4,0.0,0.0,0.0,6,2021
2021-06-07,0.0,0.0,6.2,4.2,0.0,6,2021
2021-06-08,0.0,0.0,4.0,0.0,0.0,6,2021
2021-06-09,0.0,0.0,18.7,0.0,2.0,6,2021
2021-06-10,0.0,0.0,0.0,0.0,0.0,6,2021
2021-06-11,0.0,1.2,4.2,0.0,0.0,6,2021
2021-06-12,0.0,14.0,18.3,14.8,6.2,6,2021
2021-06-13,0.0,0.0,0.0,8.2,4.2,6,2021
2021-06-14,0.0,0.0,0.0,0.0,2.0,6,2021
2021-06-15,0.0,0.0,19.1,0.0,0.0,6,2021
2021-06-16,0.0,0.0,0.0,0.0,0.0,6,2021
2021-06-17,0.0,0.0,8.6,0.0,0.0,6,2021
2021-06-18,0.0,1.1,3.0,1.0,1.0,6,2021
2021-06-19,0.0,0.0,0.2,0.0,0.0,6,2021
2021-06-20,0.0,0.0,0.0,0.0,0.0,6,2021
2021-06-21,0.0,0.0,0.0,0.0,0.0,6,2021
2021-06-22,0.0,0.0,0.0,0.0,0.0,6,2021
2021-06-23,0.0,0.0,1.0,0.0,0.0,6,2021
2021-06-24,0.0,0.0,0.4,0.0,0.0,6,2021
2021-06-25,0.0,0.0,0.0,1.0,2.5,6,2021
2021-06-26,0.0,0.0,0.0,2.0,2.0,6,2021
2021-06-27,0.0,0.0,0.0,0.0,0.0,6,2021
2021-06-28,0.0,16.0,0.4,1.5,1.5,6,2021
2021-06-29,0.0,22.2,0.1,2.0,2.0,6,2021
2021-06-30,0.0,0.0,0.0,0.0,0.0,6,2021
2021-07-01,0.0,0.0,0.0,1.0,2.0,7,2021
2021-07-02,0.0,0.0,0.0,0.0,0.0,7,2021
2021-07-03,0.0,0.0,0.0,0.0,0.0,7,2021
2021-07-04,0.0,0.0,0.0,0.0,0.0,7,2021
2021-07-05,0.0,0.0,0.0,0.0,0.0,7,2021
2021-07-06,0.0,0.0,0.0,0.0,0.0,7,2021
2021-07-07,0.0,0.0,0.0,0.0,0.0,7,2021
2021-07-08,0.0,0.0,0.0,0.0,0.0,7,2021
2021-07-09,0.0,0.0,0.0,0.0,0.0,7,2021
2021-07-10,0.0,0.0,0.0,0.0,0.0,7,2021
2021-07-11,0.0,2.8,19.0,0.0,0.0,7,2021
2021-07-12,0.0,46.0,10.0,5.0,6.0,7,2021
2021-07-13,0.0,7.0,1.0,14.2,6.6,7,2021
2021-07-14,0.0,0.0,3.2,0.0,0.0,7,2021
2021-07-15,0.0,0.0,0.4,0.0,0.0,7,2021
2021-07-16,0.0,0.0,0.0,6.800000000000001,4.2,7,2021
2021-07-17,0.0,0.0,2.1,2.6,2.6,7,2021
2021-07-18,0.0,53.0,23.02,0.0,0.0,7,2021
2021-07-19,0.0,13.1,8.0,11.0,4.2,7,2021
2021-07-20,0.0,0.0,1.0,10.8,12.4,7,2021
2021-07-21,0.0,0.0,0.0,8.8,6.0,7,2021
2021-07-22,0.0,0.4,0.0,11.0,10.0,7,2021
2021-07-23,0.0,0.0,0.0,6.2,2.0,7,2021
2021-07-24,0.0,0.0,0.0,0.0,0.0,7,2021
2021-07-25,0.0,0.0,0.0,0.0,0.0,7,2021
2021-07-26,0.0,0.0,0.0,0.0,0.0,7,2021
2021-07-27,0.0,0.0,0.0,0.0,0.0,7,2021
2021-07-28,0.0,0.0,7.0,0.0,0.0,7,2021
2021-07-29,0.0,0.0,0.1,3.5,4.0,7,2021
2021-07-30,0.0,0.0,0.0,0.0,0.0,7,2021
2021-07-31,0.0,0.0,0.0,0.0,0.0,7,2021
2021-08-01,0.0,0.0,0.0,2.0,2.0,8,2021
2021-08-02,0.0,0.0,0.0,8.0,6.0,8,2021
2021-08-03,0.0,0.0,0.0,1.0,1.5,8,2021
2021-08-04,0.0,0.0,0.0,3.0,3.0,8,2021
2021-08-05,0.0,0.0,0.0,0.0,0.0,8,2021
2021-08-06,0.0,0.0,0.0,0.0,0.0,8,2021
2021-08-07,0.0,0.0,0.0,0.0,0.0,8,2021
2021-08-08,0.0,0.0,0.0,0.0,0.0,8,2021
2021-08-09,0.0,0.0,0.0,0.0,0.0,8,2021
2021-08-10,0.0,0.0,0.0,0.0,0.0,8,2021
2021-08-11,0.0,0.0,0.0,0.0,0.0,8,2021
2021-08-12,0.0,0.0,0.0,0.0,0.0,8,2021
2021-08-13,0.0,7.4,0.0,0.0,0.0,8,2021
2021-08-14,0.0,0.0,0.0,0.0,0.0,8,2021
2021-08-15,0.0,0.0,1.4,0.0,0.0,8,2021
2021-08-16,0.0,0.0,0.0,0.0,0.0,8,2021
2021-08-17,0.0,1.6,0.0,0.0,0.0,8,2021
2021-08-18,0.0,0.0,10.4,0.0,0.0,8,2021
2021-08-19,0.0,0.0,0.0,0.0,0.0,8,2021
2021-08-20,0.0,0.0,0.0,0.0,0.0,8,2021
2021-08-21,0.0,0.0,1.2,0.0,0.0,8,2021
2021-08-22,0.0,0.0,0.0,0.0,0.0,8,2021
2021-08-23,0.0,0.0,0.0,0.0,0.0,8,2021
2021-08-24,0.0,0.0,0.0,0.0,0.0,8,2021
2021-08-25,0.0,7.0,3.1,1.5,1.5,8,2021
2021-08-26,0.0,0.0,20.3,0.0,0.0,8,2021
2021-08-27,0.0,6.8,10.2,5.0,5.0,8,2021
2021-08-28,0.0,1.2,5.3,3.0,3.0,8,2021
2021-08-29,0.0,0.0,0.0,1.0,1.0,8,2021
2021-08-30,0.0,0.0,0.0,0.0,0.0,8,2021
2021-08-31,0.0,0.0,0.0,0.0,0.0,8,2021
2021-09-01,0.0,0.0,0.0,0.0,0.0,9,2021
2021-09-02,0.0,0.0,0.0,0.0,0.0,9,2021
2021-09-03,0.0,0.0,0.0,0.0,0.0,9,2021
2021-09-04,0.0,0.0,0.0,8.0,8.0,9,2021
2021-09-05,0.0,0.0,1.1,9.0,9.0,9,2021
2021-09-06,0.0,15.8,3.0,17.0,17.0,9,2021
2021-09-07,0.0,0.0,0.0,0.0,0.0,9,2021
2021-09-08,0.0,0.0,23.7,0.0,0.0,9,2021
2021-09-09,0.0,3.0,2.0,2.8,3.2,9,2021
2021-09-10,0.0,11.2,0.0,16.0,16.0,9,2021
2021-09-11,0.0,0.0,0.0,6.7,7.0,9,2021
2021-09-12,0.0,0.0,15.3,0.0,0.0,9,2021
2021-09-13,0.0,0.0,14.2,0.0,0.0,9,2021
2021-09-14,0.0,27.0,2.2,7.0,7.5,9,2021
2021-09-15,0.0,0.0,20.7,5.8,6.0,9,2021
2021-09-16,0.0,3.0,0.0,6.1,8.0,9,2021
2021-09-17,0.0,0.0,4.7,0.0,0.0,9,2021
2021-09-18,0.0,0.0,0.0,2.5,3.0,9,2021
2021-09-19,0.0,0.0,0.0,1.0,0.0,9,2021
2021-09-20,0.0,0.0,0.0,0.0,0.0,9,2021
2021-09-21,0.0,0.0,2.3,18.5,21.0,9,2021
2021-09-22,0.0,0.0,0.0,0.0,0.0,9,2021
2021-09-23,0.0,0.0,0.0,0.0,0.0,9,2021
2021-09-24,0.0,0.0,0.2,0.0,0.0,9,2021
2021-09-25,0.0,0.0,0.0,0.0,0.0,9,2021
2021-09-26,0.0,0.0,0.0,0.0,0.0,9,2021
2021-09-27,0.0,0.0,9.3,5.0,5.5,9,2021
2021-09-28,0.0,1.2,0.0,9.0,9.0,9,2021
2021-09-29,0.0,3.2,1.0,24.0,24.0,9,2021
2021-09-30,0.0,0.0,0.0,0.0,0.0,9,2021
2021-10-01,0.0,0.0,0.0,4.0,3.0,10,2021
2021-10-02,0.0,0.0,0.0,3.0,0.0,10,2021
2021-10-03,0.0,0.0,2.0,0.0,0.0,10,2021
2021-10-04,0.0,0.0,15.7,2.0,2.0,10,2021
2021-10-05,0.0,17.3,27.0,12.0,10.0,10,2021
2021-10-06,0.0,3.3,0.0,4.0,2.0,10,2021
2021-10-07,0.0,0.0,0.0,2.0,2.0,10,2021
2021-10-08,0.0,0.0,0.2,4.0,2.0,10,2021
2021-10-09,0.0,0.0,17.0,0.0,0.0,10,2021
2021-10-10,0.0,0.0,1.0,0.0,0.0,10,2021
2021-10-11,0.0,3.8,0.0,10.0,8.0,10,2021
2021-10-12,0.0,0.0,5.0,0.0,0.0,10,2021
2021-10-13,0.0,0.0,0.0,0.0,0.0,10,2021
2021-10-14,0.0,0.0,22.2,0.0,0.0,10,2021
2021-10-15,0.0,1.5,2.2,2.1,2.3,10,2021
2021-10-16,0.0,0.0,0.2,0.0,0.0,10,2021
2021-10-17,0.0,11.4,5.0,2.0,2.5,10,2021
2021-10-18,0.0,0.0,1.5,0.0,0.0,10,2021
2021-10-19,0.0,1.0,1.3,1.0,1.5,10,2021
2021-10-20,0.0,78.3,0.0,8.3,9.9,10,2021
2021-10-21,0.0,0.0,0.1,0.0,0.0,10,2021
2021-10-22,0.0,0.0,5.9,0.0,0.0,10,2021
2021-10-23,0.0,0.0,0.0,2.0,2.2,10,2021
2021-10-24,0.0,0.0,0.0,0.0,0.0,10,2021
2021-10-25,0.0,70.3,4.0,0.0,0.0,10,2021
2021-10-26,0.0,0.0,0.0,26.0,30.0,10,2021
2021-10-27,0.0,0.0,0.0,12.0,15.0,10,2021
2021-10-28,0.0,0.0,12.0,0.0,0.0,10,2021
2021-10-29,0.0,29.0,6.2,28.0,28.0,10,2021
2021-10-30,0.0,0.0,0.0,0.0,0.0,10,2021
2021-10-31,0.0,0.0,0.0,0.0,0.0,10,2021
2021-11-01,0.0,0.0,0.0,1.0,0.0,11,2021
2021-11-02,0.0,2.0,34.8,1.0,0.0,11,2021
2021-11-03,0.0,70.4,41.0,2.5,0.5,11,2021
2021-11-04,0.0,0.0,1.1,0.0,0.0,11,2021
2021-11-05,0.0,0.0,5.0,3.0,0.0,11,2021
2021-11-06,0.0,10.0,2.0,0.0,0.0,11,2021
2021-11-07,0.0,0.0,12.8,0.0,0.0,11,2021
2021-11-08,0.0,9.8,23.2,0.0,0.0,11,2021
2021-11-09,0.0,0.04,7.8,0.04,0.04,11,2021
2021-11-10,0.0,60.2,16.8,0.0,0.0,11,2021
2021-11-11,0.0,0.0,1.2,0.0,0.0,11,2021
2021-11-12,0.0,14.6,8.0,10.0,6.0,11,2021
2021-11-13,0.0,45.0,7.4,20.0,16.0,11,2021
2021-11-14,0.0,0.0,8.3,0.0,0.0,11,2021
2021-11-15,0.0,40.0,3.0,0.0,0.0,11,2021
2021-11-16,0.0,12.0,9.0,0.0,0.0,11,2021
2021-11-17,0.0,96.4,24.3,0.0,0.0,11,2021
2021-11-18,0.0,96.8,11.0,0.0,0.0,11,2021
2021-11-19,0.0,17.02,21.6,0.0,0.0,11,2021
2021-11-20,0.0,75.1,71.1,28.0,4.0,11,2021
2021-11-21,0.0,19.0,6.4,8.0,1.0,11,2021
2021-11-22,0.0,0.0,0.3,0.0,0.0,11,2021
2021-11-23,0.0,0.0,59.7,8.0,1.0,11,2021
2021-11-24,0.0,15.02,9.0,10.0,1.0,11,2021
2021-11-25,0.0,0.6,2.9,26.0,3.0,11,2021
2021-11-26,0.0,0.0,21.2,2.0,0.0,11,2021
2021-11-27,0.0,16.8,19.1,10.0,2.0,11,2021
2021-11-28,0.0,70.6,12.9,10.0,8.0,11,2021
2021-11-29,0.0,0.0,50.3,12.0,8.0,11,2021
2021-11-30,0.0,0.0,0.0,0.0,0.0,11,2021
2021-12-01,0.0,1.8,11.9,4.0,2.0,12,2021
2021-12-02,0.0,64.69999999999999,9.1,4.0,2.0,12,2021
2021-12-03,0.0,53.1,15.2,6.0,6.0,12,2021
2021-12-04,0.0,7.199999999999999,26.0,6.0,4.0,12,2021
2021-12-05,0.0,27.4,12.4,0.0,0.0,12,2021
2021-12-06,0.0,26.3,21.8,4.0,2.0,12,2021
2021-12-07,0.0,6.2,4.6,14.0,12.0,12,2021
2021-12-08,0.0,0.6,0.2,9.0,2.0,12,2021
2021-12-09,0.0,22.8,12.2,2.0,0.0,12,2021
2021-12-10,0.0,12.6,7.4,6.0,1.0,12,2021
2021-12-11,0.0,8.6,1.4,1.0,0.0,12,2021
2021-12-12,0.0,8.2,6.2,0.0,0.0,12,2021
2021-12-13,0.0,8.4,0.0,0.0,0.0,12,2021
2021-12-14,0.0,29.4,0.0,0.0,0.0,12,2021
2021-12-15,0.0,51.4,2.4,4.0,0.0,12,2021
2021-12-16,0.0,27.4,0.6,0.0,0.0,12,2021
2021-12-17,0.0,15.0,2.0,2.0,0.0,12,2021
2021-12-18,0.0,0.6,0.0,1.0,0.0,12,2021
2021-12-19,0.0,0.0,1.0,5.0,0.0,12,2021
2021-12-20,0.0,82.2,0.8,0.0,0.0,12,2021
2021-12-21,0.0,0.0,0.3,0.0,0.0,12,2021
2021-12-22,0.0,47.4,2.5,4.0,4.0,12,2021
2021-12-23,0.0,24.0,6.9,4.0,4.0,12,2021
2021-12-24,0.0,0.0,2.8,0.0,0.0,12,2021
2021-12-25,0.0,0.0,13.4,0.0,0.0,12,2021
2021-12-26,0.0,0.0,0.2,0.0,0.0,12,2021
2021-12-27,0.0,258.0,2.4,0.0,0.0,12,2021
2021-12-28,0.0,6.2,0.8,0.0,0.0,12,2021
2021-12-29,0.0,0.0,0.0,0.0,0.0,12,2021
2021-12-30,0.0,0.0,0.0,0.0,0.0,12,2021
2021-12-31,0.0,0.0,0.0,0.0,0.0,12,2021
2022-10-01,1.0,0.2,1.1,0.0,0.0,10,2022
2022-10-02,0.0,0.0,0.0,6.0,0.0,10,2022
2022-10-03,0.0,0.0,0.2,6.0,0.0,10,2022
2022-10-04,0.0,0.0,0.0,0.0,0.0,10,2022
2022-10-05,0.0,0.0,2.5,0.0,0.0,10,2022
2022-10-06,0.0,2.3,2.4,0.0,0.0,10,2022
2022-10-07,19.0,0.1,0.4,0.0,0.0,10,2022
2022-10-08,0.0,3.2,1.1,0.0,0.0,10,2022
2022-10-09,0.0,0.0,0.0,0.0,0.0,10,2022
2022-10-10,2.0,0.0,0.1,0.0,0.0,10,2022
2022-10-11,1.0,0.0,2.0,0.0,0.0,10,2022
2022-10-12,1.6,0.0,0.0,0.0,0.0,10,2022
2022-10-13,0.0,0.0,0.0,0.0,0.0,10,2022
2022-10-14,0.0,0.1,0.0,0.0,0.0,10,2022
2022-10-15,7.2,63.07,26.7,17.8,20.0,10,2022
2022-10-16,0.0,0.0,0.2,7.1,8.0,10,2022
2022-10-17,0.0,0.0,0.0,8.0,8.0,10,2022
2022-10-18,16.2,0.4,1.3,0.0,0.0,10,2022
2022-10-19,0.0,0.03,0.0,11.0,12.0,10,2022
2022-10-20,0.0,0.0,0.0,0.0,0.0,10,2022
2022-10-21,1.0,39.7,7.3,0.0,0.0,10,2022
2022-10-22,2.0,0.1,0.6000000000000001,4.0,4.0,10,2022
2022-10-23,0.0,15.0,1.0,0.0,0.0,10,2022
2022-10-24,0.0,18.1,7.0,24.0,10.0,10,2022
2022-10-25,8.0,57.6,4.0,0.0,0.0,10,2022
2022-10-26,1.0,0.0,18.0,0.0,0.0,10,2022
2022-10-27,1.0,0.4,2.0,0.0,0.0,10,2022
2022-10-28,2.2,35.6,4.0,0.0,0.0,10,2022
2022-10-29,0.0,0.0,0.0,0.0,0.0,10,2022
2022-10-30,0.0,2.3,4.0,0.0,0.0,10,2022
2022-10-31,2.0,0.5,2.0,0.0,0.0,10,2022
2022-11-01,0.0,0.2,4.0,4.0,0.0,11,2022
2022-11-02,7.0,0.5,15.0,13.0,2.0,11,2022
2022-11-03,1.0,0.0,0.0,0.0,0.0,11,2022
2022-11-04,0.2,0.0,0.0,0.0,0.0,11,2022
2022-11-05,0.0,0.0,0.0,0.0,0.0,11,2022
2022-11-06,0.0,0.0,0.0,4.0,4.0,11,2022
2022-11-07,0.0,0.0,0.0,0.0,0.0,11,2022
2022-11-08,0.0,0.0,0.0,1.5,1.0,11,2022
2022-11-09,0.0,0.0,0.0,0.0,0.0,11,2022
2022-11-10,0.0,0.0,2.0,0.0,0.0,11,2022
2022-11-11,0.0,0.0,4.0,0.0,0.0,11,2022
2022-11-12,0.0,0.1,0.0,0.0,0.0,11,2022
2022-11-13,0.0,0.4,0.0,0.0,0.0,11,2022
2022-11-14,2.0,0.0,0.0,0.0,0.0,11,2022
2022-11-15,0.0,0.0,27.0,5.0,0.0,11,2022
2022-11-16,1.0,4.0,4.5,12.0,0.0,11,2022
2022-11-17,0.0,0.0,0.0,0.0,0.0,11,2022
2022-11-18,0.0,0.0,0.0,3.5,0.0,11,2022
2022-11-19,0.0,0.0,0.0,0.0,0.0,11,2022
2022-11-20,0.0,0.0,0.0,0.0,0.0,11,2022
2022-11-21,0.0,0.1,0.0,0.0,0.0,11,2022
2022-11-22,12.0,25.0,8.5,0.0,0.0,11,2022
2022-11-23,23.4,13.0,7.0,0.0,0.0,11,2022
2022-11-24,0.0,0.0,0.0,27.0,4.0,11,2022
2022-11-25,0.0,0.9,1.4,0.0,0.0,11,2022
2022-11-26,44.4,0.0,7.1,10.0,1.0,11,2022
2022-11-27,21.0,0.0,6.8,1.0,0.0,11,2022
2022-11-28,0.0,0.0,4.1,21.0,5.0,11,2022
2022-11-29,0.0,0.0,0.0,0.0,0.0,11,2022
2022-11-30,0.0,0.0,0.0,0.0,0.0,11,2022
2022-12-01,0.0,0.0,0.0,0.0,0.0,12,2022
2022-12-01,0.0,0.0,0.0,0.0,0.0,12,2022
2022-12-02,0.0,0.0,14.5,0.0,0.0,12,2022
2022-12-03,4.0,12.5,25.0,0.0,0.0,12,2022
2022-12-04,0.0,14.6,0.0,0.0,0.0,12,2022
2022-12-05,0.0,0.0,0.0,0.0,0.0,12,2022
2022-12-06,0.0,0.0,0.0,1.0,2.0,12,2022
2022-12-07,28.6,4.0,22.4,1.0,2.0,12,2022
2022-12-08,0.0,0.0,2.8,0.0,0.0,12,2022
2022-12-09,0.0,0.8,0.0,0.0,0.0,12,2022
2022-12-10,15.2,16.3,14.9,8.8,0.0,12,2022
2022-12-11,0.0,0.0,31.0,0.0,0.0,12,2022
2022-12-12,7.6,37.6,20.2,0.0,0.0,12,2022
2022-12-13,10.2,18.6,10.7,10.0,0.0,12,2022
2022-12-14,0.0,0.0,0.6000000000000001,2.0,0.0,12,2022
2022-12-15,1.27,9.2,14.4,0.0,0.0,12,2022
2022-12-16,12.7,51.3,26.1,15.0,0.0,12,2022
2022-12-17,0.0,12.0,1.6,35.0,0.0,12,2022
2022-12-18,0.0,0.6,0.0,0.0,0.0,12,2022
2022-12-19,10.16,4.0,31.0,7.0,0.0,12,2022
2022-12-20,12.54,0.42,6.8,8.0,0.0,12,2022
2022-12-21,27.94,0.6,1.0,0.0,0.0,12,2022
2022-12-22,0.4,6.0,1.0,0.0,0.0,12,2022
2022-12-23,0.3,28.7,18.0,0.0,0.0,12,2022
2022-12-24,0.1,8.0,2.0,0.0,0.0,12,2022
2022-12-25,0.0,0.0,0.0,0.0,0.0,12,2022
2022-12-26,30.2,75.8,32.0,0.0,0.0,12,2022
2022-12-27,0.1,0.0,0.0,0.0,0.0,12,2022
2022-12-28,0.0,0.0,0.0,0.0,0.0,12,2022
2022-12-29,12.0,33.3,28.0,1.8,0.0,12,2022
2022-12-30,0.1,10.8,7.0,0.0,0.0,12,2022
2022-12-31,2.54,3.0,0.2,18.2,20.0,12,2022
2023-01-01,2.54,21.7,1.6,3.8,4.0,1,2023
2023-01-02,1.0,2.7,0.6000000000000001,1.0,1.0,1,2023
2023-01-03,7.62,0.0,0.6,1.6,2.0,1,2023
2023-01-04,10.16,0.9,18.6,3.4,3.0,1,2023
2023-01-05,35.56,6.3,17.8,25.4,24.0,1,2023
2023-01-06,10.16,63.0,25.4,17.799999999999997,18.5,1,2023
2023-01-07,0.0,0.0,0.2,0.76,1.0,1,2023
2023-01-08,0.0,0.0,0.0,0.0,0.0,1,2023
2023-01-09,17.78,2.3,14.0,0.17,4.3,1,2023
2023-01-10,2.0,0.0,23.5,0.0,0.0,1,2023
2023-01-11,0.0,2.1,0.0,0.0,0.0,1,2023
2023-01-12,0.0,0.0,0.0,0.0,0.0,1,2023
2023-01-13,33.02,2.0,9.0,0.0,0.0,1,2023
2023-01-14,0.0,0.4,12.0,0.0,0.0,1,2023
2023-01-15,5.08,6.8,4.4,15.2,12.0,1,2023
2023-01-16,1.0,26.4,6.0,12.0,10.0,1,2023
2023-01-17,0.0,4.4,0.0,0.0,0.0,1,2023
2023-01-18,20.32,90.9,2.1,5.0,3.0,1,2023
2023-01-19,17.78,35.800000000000004,23.8,24.9,23.0,1,2023
2023-01-20,7.62,0.1,3.3,0.0,0.0,1,2023
2023-01-21,0.0,4.2,13.7,10.2,8.0,1,2023
2023-01-22,2.54,0.4,8.3,6.4,5.0,1,2023
2023-01-23,3.0,25.4,10.0,0.0,0.0,1,2023
2023-01-24,1.0,0.0,2.5,0.0,0.0,1,2023
2023-01-25,25.0,5.4,16.5,5.59,6.0,1,2023
2023-01-26,0.0,2.2,3.3,1.02,2.0,1,2023
2023-01-27,27.94,24.7,24.0,7.37,8.0,1,2023
2023-01-28,0.0,5.1,1.1,0.0,0.0,1,2023
2023-01-29,0.0,15.5,0.0,6.6,6.0,1,2023
2023-01-30,24.0,26.0,17.6,6.02,8.0,1,2023
2023-01-31,0.0,35.1,6.4,3.5,4.0,1,2023
2023-02-01,22.86,1.0,24.5,19.5,21.0,2,2023
2023-02-02,17.78,2.0,15.5,24.1,26.0,2,2023
2023-02-03,18.0,25.2,15.8,31.0,30.0,2,2023
2023-02-04,7.62,15.8,4.5,6.6,6.0,2,2023
2023-02-05,0.0,34.0,36.0,9.4,10.0,2,2023
2023-02-06,2.0,0.8,17.0,1.1,1.9,2,2023
2023-02-07,2.2,2.4,7.0,15.3,18.3,2,2023
2023-02-08,3.1,0.0,10.0,1.7,3.8,2,2023
2023-02-09,2.0,14.2,30.0,1.27,3.0,2,2023
2023-02-10,0.0,7.0,0.0,1.78,3.8,2,2023
2023-02-11,0.2,6.0,13.0,10.92,12.0,2,2023
2023-02-12,0.0,17.8,1.0,4.6,6.1000000000000005,2,2023
2023-02-13,0.0,0.0,0.0,6.56,7.0,2,2023
2023-02-14,12.7,24.6,57.0,10.420000000000002,13.4,2,2023
2023-02-15,7.699999999999999,64.2,26.0,11.42,15.8,2,2023
2023-02-16,0.0,18.8,0.0,6.31,7.7,2,2023
2023-02-17,0.0,0.2,7.4,4.07,5.8,2,2023
2023-02-18,2.54,19.2,1.2,13.95,17.9,2,2023
2023-02-19,4.0,15.0,16.6,0.0,0.0,2,2023
2023-02-20,0.0,1.4,2.4,0.0,2.0,2,2023
2023-02-21,0.0,0.2,0.0,0.0,0.0,2,2023
2023-02-22,0.0,0.0,0.0,3.0,3.0,2,2023
2023-02-23,0.2,38.6,0.0,3.0,3.0,2,2023
2023-02-24,0.0,2.2,3.2,0.0,0.0,2,2023
2023-02-25,6.3,0.2,20.4,2.0,2.0,2,2023
2023-02-26,5.8,40.6,19.6,0.0,0.0,2,2023
2023-02-27,0.1,0.0,20.0,3.0,3.0,2,2023
2023-02-28,5.5,1.5,2.0,4.0,4.0,2,2023
2023-03-01,0.0,0.0,0.0,0.0,0.0,3,2023
2023-03-02,0.0,0.0,0.0,0.0,0.0,3,2023
2023-03-03,0.0,0.0,0.0,0.0,0.0,3,2023
2023-03-01,0.2,5.8,0.6,8.0,8.0,3,2023
2023-03-02,1.0,0.8,3.6,0.0,0.0,3,2023
2023-03-03,5.08,0.4,20.0,0.0,0.0,3,2023
2023-03-04,0.0,23.7,6.4,0.0,0.0,3,2023
2023-03-05,2.54,0.0,37.4,8.6,10.0,3,2023
2023-03-06,22.86,17.8,16.5,4.3,5.0,3,2023
2023-03-07,0.0,0.2,0.0,0.0,0.0,3,2023
2023-03-08,0.0,0.0,2.2,0.0,0.0,3,2023
2023-03-09,0.0,5.4,3.0,0.0,0.0,3,2023
2023-03-10,27.94,29.200000000000003,13.8,2.54,3.5,3,2023
2023-03-11,0.0,55.3,4.0,21.3,25.0,3,2023
2023-03-12,7.62,4.3,8.8,9.4,11.0,3,2023
2023-03-13,2.54,56.1,12.2,16.5,18.0,3,2023
2023-03-14,0.0,2.8,0.2,2.79,5.0,3,2023
2023-03-15,12.7,0.4,25.2,8.13,11.0,3,2023
2023-03-16,10.16,4.7,16.4,0.0,0.0,3,2023
2023-03-17,7.62,9.3,32.2,5.58,6.0,3,2023
2023-03-18,0.0,3.0,13.2,6.6,8.0,3,2023
2023-03-19,0.0,3.1,1.8,5.8,7.0,3,2023
2023-03-20,7.62,1.3,29.0,2.79,6.0,3,2023
2023-03-21,12.0,0.2,18.6,10.2,12.0,3,2023
2023-03-22,4.0,0.1,12.4,0.0,0.0,3,2023
2023-03-23,5.0,20.5,11.5,0.0,0.0,3,2023
2023-03-24,2.4,29.4,10.5,24.8,26.0,3,2023
2023-03-25,0.3,14.6,3.2,34.0,36.2,3,2023
2023-03-26,0.0,0.1,0.6000000000000001,20.8,24.0,3,2023
2023-03-27,0.0,0.4,22.0,10.7,10.0,3,2023
2023-03-28,0.0,25.5,11.2,0.0,0.0,3,2023
2023-03-29,0.2,12.1,55.6,1.8,2.0,3,2023
2023-03-30,2.0,0.3,17.2,6.4,8.0,3,2023
2023-03-31,1.5,50.3,17.8,0.0,0.0,3,2023
2023-04-01,1.7,0.0,0.6000000000000001,0.0,0.0,4,2023
2023-04-02,0.0,0.0,2.0,0.0,0.0,4,2023
2023-04-03,2.3,0.0,0.2,2.5,0.8,4,2023
2023-04-04,2.0,72.3,17.2,0.0,0.0,4,2023
2023-04-05,3.1,92.6,32.0,9.1,12.2,4,2023
2023-04-06,0.0,3.3000000000000003,0.0,0.0,0.0,4,2023
2023-04-07,4.2,139.1,12.4,25.0,25.0,4,2023
2023-04-08,0.1,7.0,1.4,7.0,5.0,4,2023
2023-04-09,0.0,2.1,2.0,0.0,0.0,4,2023
2023-04-10,0.1,0.0,1.4,0.0,0.0,4,2023
2023-04-11,0.0,0.0,1.0,0.0,0.0,4,2023
2023-04-12,25.4,0.0,30.4,0.76,1.0,4,2023
2023-04-13,11.16,3.2,8.1,0.0,0.0,4,2023
2023-04-14,1.0,0.0,2.1,5.6,6.0,4,2023
2023-04-15,0.0,0.0,0.0,0.0,0.0,4,2023
2023-04-16,0.0,1.0,0.0,7.6,6.0,4,2023
2023-04-17,0.0,4.0,0.0,1.3,2.0,4,2023
2023-04-18,0.0,9.8,4.6,28.0,24.0,4,2023
2023-04-19,0.0,4.2,0.0,0.0,0.0,4,2023
2023-04-20,0.0,6.199999999999999,5.4,0.0,0.0,4,2023
2023-04-21,1.0,51.1,14.6,33.8,38.8,4,2023
2023-04-22,0.0,0.0,3.0,0.0,0.0,4,2023
2023-04-23,1.0,0.0,0.0,0.0,0.0,4,2023
2023-04-24,0.0,0.0,0.0,2.0,3.0,4,2023
2023-04-25,0.0,0.0,0.0,0.0,0.0,4,2023
2023-04-26,0.0,0.0,0.0,0.0,0.0,4,2023
2023-04-27,0.0,11.2,0.0,0.0,0.0,4,2023
2023-04-28,0.0,29.0,1.9,0.0,0.0,4,2023
2023-04-29,0.0,6.7,1.0,0.0,0.0,4,2023
2023-04-30,0.0,1.1,0.0,0.0,0.0,4,2023
2023-05-01,0.0,0.0,0.0,0.0,0.0,5,2023
2023-05-01,0.0,35.1,0.0,0.0,0.0,5,2023
2023-05-02,0.0,18.1,0.0,0.0,0.0,5,2023
2023-05-03,1.0,40.4,0.3,3.56,0.11,5,2023
2023-05-04,5.08,60.4,10.5,0.0,0.0,5,2023
2023-05-05,10.16,16.5,43.9,0.0,0.0,5,2023
2023-05-06,1.2,19.3,0.7,6.61,0.65,5,2023
2023-05-07,3.6,25.0,10.6,4.06,0.8,5,2023
2023-05-08,5.5,54.0,26.0,5.94,5.94,5,2023
2023-05-09,4.0,3.1,14.3,4.6,3.5,5,2023
2023-05-10,0.0,12.4,0.0,22.86,0.0,5,2023
2023-05-11,0.0,0.0,0.0,0.0,0.0,5,2023
2023-05-12,0.0,0.0,3.0,3.48,0.12,5,2023
2023-05-13,0.0,0.0,0.0,0.0,0.0,5,2023
2023-05-14,0.0,0.0,0.0,0.0,0.2,5,2023
2023-05-15,0.0,0.0,0.0,0.0,0.2,5,2023
2023-05-16,0.0,0.0,0.0,0.0,0.0,5,2023
2023-05-17,0.0,1.0,0.2,0.0,0.0,5,2023
2023-05-18,0.0,6.2,0.0,0.0,0.0,5,2023
2023-05-19,0.0,0.0,12.4,0.0,0.0,5,2023
2023-05-20,0.0,43.0,6.2,0.0,0.0,5,2023
2023-05-21,0.0,5.5,0.0,0.0,0.0,5,2023
2023-05-22,0.0,23.5,0.4,0.0,0.0,5,2023
2023-05-23,0.4,74.2,12.0,0.0,0.0,5,2023
2023-05-24,0.6,0.2,8.4,0.0,0.0,5,2023
2023-05-25,0.2,0.0,0.0,0.0,0.0,5,2023
2023-05-26,45.0,0.0,8.0,0.0,0.0,5,2023
2023-05-27,34.0,2.0,12.4,0.0,0.0,5,2023
2023-05-28,2.0,17.1,23.0,0.0,0.0,5,2023
2023-05-29,0.0,2.0,7.8,0.0,0.0,5,2023
2023-05-30,2.1,0.0,1.4,0.0,0.0,5,2023
2023-05-31,3.0,0.0,0.4,0.0,0.0,5,2023
2023-06-01,0.0,0.0,0.2,0.0,0.0,6,2023
2023-06-02,0.0,0.0,1.1,0.0,0.0,6,2023
2023-06-03,0.0,0.0,0.0,0.0,0.0,6,2023
2023-06-04,0.0,0.0,0.0,0.0,0.0,6,2023
2023-06-05,0.0,0.0,0.0,0.0,0.0,6,2023
2023-06-06,0.0,0.0,0.0,0.0,0.0,6,2023
2023-06-07,0.0,0.0,0.0,0.0,0.0,6,2023
2023-06-08,0.0,0.0,0.0,0.0,0.0,6,2023
2023-06-09,0.0,0.0,0.0,0.0,0.0,6,2023
2023-06-10,0.0,2.1,0.0,0.0,0.0,6,2023
2023-06-11,0.0,2.6,15.3,0.0,0.0,6,2023
2023-06-12,0.0,12.35,0.0,0.0,0.0,6,2023
2023-06-13,20.0,91.6,4.8,0.0,0.0,6,2023
2023-06-14,38.5,6.7,20.3,1.524,3.0,6,2023
2023-06-15,0.0,1.2,0.3,0.0,0.0,6,2023
2023-06-16,0.0,0.2,0.0,0.0,0.0,6,2023
2023-06-17,0.0,0.5,0.0,0.0,0.0,6,2023
2023-06-18,0.0,0.0,0.0,0.0,0.0,6,2023
2023-06-19,0.0,0.1,0.8,0.0,0.0,6,2023
2023-06-20,0.0,0.0,0.0,0.0,0.0,6,2023
2023-06-21,0.0,0.2,0.0,0.0,0.0,6,2023
2023-06-22,0.0,0.0,0.0,0.0,0.0,6,2023
2023-06-23,0.0,0.0,0.0,0.0,0.0,6,2023
2023-06-24,0.0,0.0,0.0,0.0,0.0,6,2023
2023-06-25,0.0,0.0,0.0,0.0,0.0,6,2023
2023-06-26,0.0,0.0,0.0,0.0,0.0,6,2023
2023-06-27,0.0,0.0,1.6,0.0,0.0,6,2023
2023-06-28,0.0,7.399999999999999,0.0,0.0,0.0,6,2023
2023-06-29,2.5,32.9,4.0,0.0,0.0,6,2023
2023-06-30,0.1,30.9,0.0,0.0,0.0,6,2023
2023-07-01,0.0,0.0,0.0,0.0,0.0,7,2023
2023-07-01,0.3,0.3,0.0,0.0,0.0,7,2023
2023-07-02,0.0,0.4,3.0,0.0,0.0,7,2023
2023-07-03,0.0,0.2,0.0,0.0,0.0,7,2023
2023-07-04,0.0,0.0,0.0,0.0,0.0,7,2023
2023-07-05,0.0,0.0,0.0,0.0,0.0,7,2023
2023-07-06,0.0,0.0,0.0,0.0,0.0,7,2023
2023-07-07,0.0,0.0,0.0,0.0,0.0,7,2023
2023-07-08,0.0,0.0,0.0,0.0,0.0,7,2023
2023-07-09,0.0,16.8,0.0,0.0,0.0,7,2023
2023-07-10,0.0,3.0,0.0,0.0,0.0,7,2023
2023-07-11,0.3,5.0,0.0,0.0,0.0,7,2023
2023-07-12,0.0,0.0,0.0,0.0,0.0,7,2023
2023-07-13,0.0,0.0,0.0,0.0,0.0,7,2023
2023-07-14,0.0,0.0,0.8,0.0,0.0,7,2023
2023-07-15,0.0,0.0,40.6,0.0,0.0,7,2023
2023-07-16,0.0,0.0,0.4,0.0,0.0,7,2023
2023-07-17,0.0,0.0,1.0,0.0,0.0,7,2023
2023-07-18,0.0,0.0,7.0,0.0,0.0,7,2023
2023-07-19,0.0,0.0,2.5,0.0,0.0,7,2023
2023-07-20,0.0,0.0,0.4,0.0,0.0,7,2023
2023-07-21,0.0,0.0,0.6,0.0,0.0,7,2023
2023-07-22,0.0,0.0,0.0,0.0,0.0,7,2023
2023-07-23,0.0,0.0,0.0,0.0,0.0,7,2023
2023-07-24,0.0,0.0,0.0,0.0,0.0,7,2023
2023-07-25,0.0,3.6,0.0,0.0,0.0,7,2023
2023-07-26,0.0,7.8,0.0,0.0,0.0,7,2023
2023-07-27,2.0,66.8,12.6,0.0,0.0,7,2023
2023-07-28,5.0,25.0,5.2,0.762,0.0,7,2023
2023-07-29,3.0,0.0,24.6,1.27,1.9,7,2023
2023-07-30,0.0,0.0,8.2,5.08,6.0,7,2023
2023-07-31,0.0,0.0,0.0,0.762,1.1,7,2023
2023-08-01,0.0,0.0,0.0,0.0,0.0,8,2023
2023-08-02,0.0,0.0,0.0,0.0,0.0,8,2023
2023-08-03,0.0,0.0,0.0,0.0,0.0,8,2023
2023-08-04,0.0,0.0,0.0,0.0,0.0,8,2023
2023-08-05,0.0,0.0,0.0,2.54,0.9,8,2023
2023-08-06,0.0,0.0,0.0,0.0,0.0,8,2023
2023-08-07,0.0,0.0,0.0,0.0,0.0,8,2023
2023-08-08,0.0,0.0,7.4,0.0,0.0,8,2023
2023-08-09,0.0,0.0,1.8,0.0,0.0,8,2023
2023-08-10,0.0,0.0,0.0,0.0,0.0,8,2023
2023-08-11,0.0,0.0,56.0,0.0,0.0,8,2023
2023-08-12,0.2,1.4,0.0,0.0,0.0,8,2023
2023-08-13,0.0,73.0,4.3,2.5,4.0,8,2023
2023-08-14,0.0,1.0,0.0,1.0,1.0,8,2023
2023-08-15,0.0,0.0,0.0,0.0,0.0,8,2023
2023-08-16,0.0,0.0,0.0,0.0,0.0,8,2023
2023-08-17,0.0,0.0,0.0,0.0,0.0,8,2023
2023-08-18,0.0,0.0,0.0,0.0,0.0,8,2023
2023-08-19,0.0,3.4,0.0,0.0,0.0,8,2023
2023-08-20,0.0,0.0,0.0,0.0,0.0,8,2023
2023-08-21,0.0,0.0,0.0,0.0,0.0,8,2023
2023-08-22,0.0,0.0,0.0,0.0,0.0,8,2023
2023-08-23,0.0,0.0,0.0,0.0,0.0,8,2023
2023-08-24,0.0,0.0,0.0,0.0,0.0,8,2023
2023-08-25,0.0,0.0,18.0,0.0,0.0,8,2023
2023-08-26,0.0,0.0,2.4,0.0,0.0,8,2023
2023-08-27,0.0,1.6,0.2,0.0,0.0,8,2023
2023-08-28,0.0,0.0,7.8,1.0,0.0,8,2023
2023-08-29,0.0,0.0,0.2,0.0,0.0,8,2023
2023-08-30,0.0,0.0,0.2,0.0,0.0,8,2023
2023-08-31,0.0,0.0,0.2,0.0,0.0,8,2023
2023-09-01,22.86,0.0,18.4,0.0,0.0,9,2023
2023-09-02,2.54,0.0,7.4,1.27,2.0,9,2023
2023-09-03,0.0,0.0,1.0,0.0,0.0,9,2023
2023-09-04,5.08,0.0,3.8,0.0,0.0,9,2023
2023-09-05,12.7,13.1,1.6,1.27,0.4,9,2023
2023-09-06,3.0,4.0,25.6,0.0,0.0,9,2023
2023-09-07,0.0,2.5,0.8,0.0,0.0,9,2023
2023-09-08,0.0,0.0,0.2,0.0,0.0,9,2023
2023-09-09,0.0,0.0,0.0,0.0,0.0,9,2023
2023-09-10,0.0,0.0,0.0,5.08,0.2,9,2023
2023-09-11,0.0,0.0,0.0,2.54,0.8,9,2023
2023-09-12,1.0,0.0,24.6,0.0,0.0,9,2023
2023-09-13,0.0,0.0,1.2000000000000002,6.96,0.2,9,2023
2023-09-14,0.0,30.0,0.0,0.0,0.0,9,2023
2023-09-15,0.0,0.0,0.0,0.0,0.0,9,2023
2023-09-16,0.0,0.0,0.0,0.0,0.0,9,2023
2023-09-17,63.6,0.0,1.8,0.0,0.0,9,2023
2023-09-18,10.16,0.0,11.0,1.524,0.58,9,2023
2023-09-19,15.24,0.0,3.4,0.0,0.0,9,2023
2023-09-20,0.0,0.0,0.0,0.0,0.0,9,2023
2023-09-21,2.2,9.0,8.600000000000001,0.5,0.0,9,2023
2023-09-22,0.0,0.0,0.0,1.0,0.0,9,2023
2023-09-23,0.0,0.0,0.0,0.0,0.0,9,2023
2023-09-24,0.0,0.0,0.0,8.8,0.9,9,2023
2023-09-25,0.0,0.0,0.0,1.778,0.0,9,2023
2023-09-26,0.0,13.0,0.0,0.0,0.0,9,2023
2023-09-27,15.24,0.0,6.2,0.0,0.0,9,2023
2023-09-28,7.5,15.3,0.5,0.0,0.0,9,2023
2023-09-29,0.0,102.2,5.6,2.0,4.0,9,2023
2023-09-30,0.0,9.4,26.0,6.6,7.0,9,2023
2023-10-01,0.0,0.0,0.0,0.0,0.0,10,2023
2023-10-01,0.0,26.4,0.0,0.0,0.0,10,2023
2023-10-02,10.16,0.0,10.0,1.3,2.0,10,2023
2023-10-03,5.08,1.5,2.2,0.0,0.0,10,2023
2023-10-04,18.0,0.3,16.0,31.0,32.0,10,2023
2023-10-05,0.0,0.0,0.2,0.0,4.0,10,2023
2023-10-06,0.0,8.4,2.2,0.0,0.0,10,2023
2023-10-07,0.0,0.0,0.2,0.0,0.0,10,2023
2023-10-08,1.0,0.0,12.2,0.0,0.0,10,2023
2023-10-09,7.62,35.0,8.0,33.0,34.0,10,2023
2023-10-10,32.0,3.1,18.4,27.0,26.0,10,2023
2023-10-11,7.62,0.0,6.2,13.0,14.0,10,2023
2023-10-12,0.0,0.0,0.0,0.0,0.0,10,2023
2023-10-13,0.0,1.4,0.0,0.0,0.0,10,2023
2023-10-14,22.78,3.6,6.2,19.81,75.0,10,2023
2023-10-15,0.0,0.0,2.4,17.99,45.18,10,2023
2023-10-16,0.0,0.0,0.0,5.8,0.18,10,2023
2023-10-17,0.0,1.0,0.0,0.0,0.0,10,2023
2023-10-18,0.0,0.0,0.0,3.81,0.13,10,2023
2023-10-19,0.0,0.0,0.0,3.81,0.13,10,2023
2023-10-20,0.0,0.0,0.0,0.0,0.0,10,2023
2023-10-21,0.0,0.0,0.0,19.81,0.7,10,2023
2023-10-22,0.0,0.0,5.4,1.0,2.0,10,2023
2023-10-23,0.0,0.0,0.0,2.3,2.0,10,2023
2023-10-24,0.0,0.0,0.0,0.0,0.0,10,2023
2023-10-25,0.0,0.0,0.0,0.0,0.0,10,2023
2023-10-26,0.0,0.0,0.0,3.0,4.0,10,2023
2023-10-27,1.8,0.0,12.2,0.0,0.0,10,2023
2023-10-28,0.0,7.6,12.2,0.0,0.0,10,2023
2023-10-29,3.5,14.4,18.0,0.15,0.4,10,2023
2023-10-30,0.2,10.6,1.0,0.15,0.4,10,2023
2023-10-31,1.9,2.0,0.4,0.0,0.0,10,2023
2023-11-01,10.1,20.8,1.0,0.0,0.0,11,2023
2023-11-02,0.0,48.5,0.0,0.0,0.0,11,2023
2023-11-03,0.0,0.0,0.0,0.0,0.0,11,2023
2023-11-04,3.0,0.0,2.2,7.0,7.0,11,2023
2023-11-05,10.0,0.0,19.6,13.4,34.0,11,2023
2023-11-06,0.3,0.0,2.8,6.4,27.0,11,2023
2023-11-07,0.0,2.2,11.3,0.0,0.0,11,2023
2023-11-08,0.0,0.0,1.0,0.3,0.1,11,2023
2023-11-09,27.94,2.8,25.0,22.9,0.9,11,2023
2023-11-10,0.0,0.0,1.1,26.2,92.54,11,2023
2023-11-11,0.0,0.0,0.0,22.9,2.54,11,2023
2023-11-12,3.0,0.0,0.4,0.0,0.0,11,2023
2023-11-13,5.6,0.0,12.4,0.0,0.0,11,2023
2023-11-14,5.0,44.6,2.4,0.0,0.0,11,2023
2023-11-15,2.0,63.8,2.6,0.0,0.0,11,2023
2023-11-16,5.2,20.4,12.8,10.9,0.4,11,2023
2023-11-17,0.0,17.2,1.4,10.9,0.4,11,2023
2023-11-18,11.0,2.4,8.0,0.0,0.0,11,2023
2023-11-19,64.2,11.4,36.0,13.5,0.48,11,2023
2023-11-20,29.0,28.6,17.09,13.5,0.4,11,2023
2023-11-21,25.0,39.0,44.8,0.0,0.0,11,2023
2023-11-22,34.0,102.8,31.0,10.0,12.0,11,2023
2023-11-23,0.0,5.6,0.0,2.0,2.0,11,2023
2023-11-24,1.5,4.6,0.4,4.8,4.0,11,2023
2023-11-25,38.0,46.8,32.7,11.5,14.0,11,2023
2023-11-26,7.0,75.8,26.2,18.8,18.0,11,2023
2023-11-27,0.5,0.0,3.3,5.0,6.0,11,2023
2023-11-28,15.5,0.0,7.2,23.0,26.0,11,2023
2023-11-29,5.5,15.8,13.0,7.0,8.0,11,2023
2023-11-30,4.1,39.8,3.6,0.0,0.0,11,2023
2023-12-01,0.0,0.0,0.0,0.0,0.0,12,2023
2023-12-01,35.0,0.0,57.2,18.0,20.0,12,2023
2023-12-02,20.1,1.4,42.8,8.0,8.0,12,2023
2023-12-03,0.5,0.0,0.2,2.5,2.0,12,2023
2023-12-04,11.0,5.1,5.2,0.0,0.0,12,2023
2023-12-05,8.4,64.5,11.1,12.5,12.0,12,2023
2023-12-06,13.3,76.0,28.2,10.0,10.0,12,2023
2023-12-07,11.0,0.0,9.2,0.0,0.0,12,2023
2023-12-08,12.5,2.0,3.8,0.0,0.0,12,2023
2023-12-09,22.0,20.1,42.8,22.86,20.32,12,2023
2023-12-10,0.0,0.0,0.8,0.0,0.0,12,2023
2023-12-11,0.0,0.0,0.0,0.0,0.0,12,2023
2023-12-12,29.0,0.0,36.0,0.0,0.0,12,2023
2023-12-13,1.0,1.0,3.8,0.0,0.0,12,2023
2023-12-14,0.0,0.0,0.6,2.29,2.54,12,2023
2023-12-15,22.6,2.0,40.0,0.0,0.0,12,2023
2023-12-16,15.2,73.4,18.0,22.86,22.35,12,2023
2023-12-17,25.0,18.0,24.2,13.97,12.7,12,2023
2023-12-18,6.0,3.5,19.5,0.0,0.0,12,2023
2023-12-19,7.0,6.6,0.0,0.0,0.0,12,2023
2023-12-20,15.0,38.4,23.4,0.0,0.0,12,2023
2023-12-21,2.3000000000000003,8.1,9.8,0.0,0.0,12,2023
2023-12-22,0.0,0.0,0.0,0.0,0.0,12,2023
2023-12-23,0.0,3.2,0.0,0.0,0.0,12,2023
2023-12-24,0.1,12.2,0.0,5.1,6.0,12,2023
2023-12-25,0.1,9.1,0.0,13.1,14.0,12,2023
2023-12-26,5.0,40.1,3.3,0.0,0.0,12,2023
2023-12-27,2.6,4.4,29.8,9.0,10.0,12,2023
2023-12-28,0.2,2.0,2.8,12.5,12.0,12,2023
2023-12-29,0.0,0.0,0.0,0.0,0.0,12,2023
2023-12-30,21.4,0.0,17.2,0.0,0.0,12,2023
2023-12-31,5.0,13.2,26.93,5.3,0.2,12,2023
2024-01-01,41.0,108.1,11.5,0.0,0.0,1,2024
2024-01-02,7.2,98.2,20.9,5.33,0.19,1,2024
2024-01-03,7.6,5.0,15.3,22.86,0.84,1,2024
2024-01-04,32.4,9.8,64.7,17.78,0.7,1,2024
2024-01-05,8.0,27.1,34.4,34.04,1.27,1,2024
2024-01-06,9.0,64.2,8.3,17.78,0.74,1,2024
2024-01-07,4.0,0.0,9.4,2.54,0.13,1,2024
2024-01-08,0.0,0.0,10.2,3.81,4.83,1,2024
2024-01-09,0.0,1.0,0.0,2.79,0.13,1,2024
2024-01-10,0.0,10.4,1.2,13.46,0.53,1,2024
2024-01-11,42.0,0.5,22.1,6.35,0.28,1,2024
2024-01-12,0.0,69.7,2.4000000000000004,5.08,0.25,1,2024
2024-01-13,0.0,0.0,6.2,0.0,0.0,1,2024
2024-01-14,1.0,75.6,10.3,2.29,2.4,1,2024
2024-01-15,9.5,17.6,0.6,16.51,17.450000000000003,1,2024
2024-01-16,2.9000000000000004,0.0,4.3,3.81,3.8,1,2024
2024-01-17,8.3,82.0,4.3,1.78,1.0,1,2024
2024-01-18,25.0,65.2,7.5,6.35,4.4,1,2024
2024-01-19,35.0,19.5,49.6,35.81,38.7,1,2024
2024-01-20,9.4,4.2,20.8,0.0,0.0,1,2024
2024-01-21,5.5,74.6,20.8,15.24,16.2,1,2024
2024-01-22,3.1,12.2,0.4,3.04,1.3,1,2024
2024-01-23,5.0,17.8,26.0,7.37,2.1,1,2024
2024-01-24,2.2,55.2,6.2,6.86,0.3,1,2024
2024-01-25,2.1,0.0,10.3,17.27,0.12,1,2024
2024-01-26,1.2,0.0,46.2,15.75,0.18,1,2024
2024-01-27,11.2,49.0,27.0,13.46,0.11,1,2024
2024-01-28,4.8,33.0,21.0,10.16,0.2,1,2024
2024-01-29,7.0,0.0,10.6,0.0,0.0,1,2024
2024-01-30,16.7,101.0,21.3,2.54,0.0,1,2024
2024-01-31,1.0,9.2,0.0,12.19,0.11,1,2024
2024-02-01,11.0,1.3,0.4,20.83,0.15,2,2024
2024-02-02,0.0,0.0,0.0,15.24,2.6,2,2024
2024-02-03,2.2,1.2,10.2,0.0,0.0,2,2024
2024-02-04,19.9,3.0,44.2,19.81,5.0,2,2024
2024-02-05,17.0,6.0,15.0,2.54,5.0,2,2024
2024-02-06,9.0,13.8,15.0,18.29,9.0,2,2024
2024-02-07,10.2,12.7,5.8,4.57,5.0,2,2024
2024-02-08,0.0,2.0,1.0,0.0,0.0,2,2024
2024-02-09,0.0,0.0,0.2,13.21,8.0,2,2024
2024-02-10,8.0,68.8,33.0,0.0,0.0,2,2024
2024-02-11,14.4,11.0,0.0,0.0,0.0,2,2024
2024-02-12,0.0,0.0,0.6,0.0,0.0,2,2024
2024-02-13,3.0,4.0,2.1,7.87,1.2,2,2024
2024-02-14,79.0,25.0,50.8,12.7,10.6,2,2024
2024-02-15,12.0,9.1,48.0,19.81,6.6,2,2024
2024-02-16,0.0,41.0,9.0,13.65,6.6000000000000005,2,2024
2024-02-17,1.0,25.3,15.8,3.3,0.06,2,2024
2024-02-18,0.0,32.0,1.7999999999999998,0.76,0.05,2,2024
2024-02-19,4.2,25.0,12.2,0.76,0.02,2,2024
2024-02-20,10.2,2.0,6.8,14.48,10.6,2,2024
2024-02-21,2.0,3.0,2.8,0.0,0.0,2,2024
2024-02-22,2.0,21.0,1.2,0.0,0.0,2,2024
2024-02-23,9.8,8.0,5.4,0.0,0.0,2,2024
2024-02-24,37.8,64.5,24.3,22.85,0.86,2,2024
2024-02-25,17.0,4.0,20.1,26.92,1.19,2,2024
2024-02-26,3.0,4.5,4.1,27.94,14.16,2,2024
2024-02-27,0.0,1.5,0.4,19.56,4.5600000000000005,2,2024
2024-02-28,23.8,40.0,11.4,32.51,20.2,2,2024
2024-02-29,3.0,20.8,7.1,0.0,0.0,2,2024
2024-03-01,10.2,2.0,14.8,19.81,18.0,3,2024
2024-03-02,22.0,14.0,8.9,12.7,9.2,3,2024
2024-03-03,5.0,2.6,11.0,0.0,1.0,3,2024
2024-03-04,0.0,6.4,19.0,2.54,0.0,3,2024
2024-03-05,3.0,0.6,7.5,14.46,4.2,3,2024
2024-03-06,15.0,25.0,34.6,10.37,5.6,3,2024
2024-03-07,16.0,0.0,15.0,24.13,7.8,3,2024
2024-03-08,0.0,0.4,4.4,9.91,6.199999999999999,3,2024
2024-03-09,12.0,0.0,0.2,0.51,0.06,3,2024
2024-03-10,1.0,16.0,16.0,20.32,9.0,3,2024
2024-03-11,6.0,13.9,6.0,10.67,10.0,3,2024
2024-03-12,0.0,0.8,0.1,0.0,0.0,3,2024
2024-03-13,0.0,0.0,8.8,22.86,4.0,3,2024
2024-03-14,10.0,10.2,10.8,12.7,8.0,3,2024
2024-03-15,0.0,11.2,2.4,0.0,0.0,3,2024
2024-03-16,15.0,0.0,3.0,5.8,0.0,3,2024
2024-03-17,20.0,6.9,8.2,5.8,0.0,3,2024
2024-03-18,1.0,23.0,6.2,40.13,25.0,3,2024
2024-03-19,1.0,1.4,0.6,0.0,2.54,3,2024
2024-03-20,0.0,8.2,2.5,29.46,46.0,3,2024
2024-03-21,2.0,1.4,0.2,0.0,0.0,3,2024
2024-03-22,15.4,12.4,8.0,8.13,4.0,3,2024
2024-03-23,3.0,116.5,13.4,19.81,10.0,3,2024
2024-03-24,0.3,0.0,2.3,33.28,12.0,3,2024
2024-03-25,0.0,0.0,0.2,0.0,0.0,3,2024
2024-03-26,31.0,0.0,10.1,4.57,0.0,3,2024
2024-03-27,12.0,8.04,17.4,12.71,14.0,3,2024
2024-03-28,14.0,0.0,0.8,5.8,15.0,3,2024
2024-03-29,22.0,16.0,0.2,2.29,9.8,3,2024
2024-03-30,8.2,0.0,1.0,0.0,0.0,3,2024
2024-03-31,0.0,0.0,10.6,0.0,0.0,3,2024
2024-04-01,0.0,2.0,0.2,22.35,17.6,4,2024
2024-04-02,7.0,6.0,10.4,8.64,0.0,4,2024
2024-04-03,0.0,20.4,5.0,8.13,0.0,4,2024
2024-04-04,0.0,0.0,0.1,0.0,0.0,4,2024
2024-04-05,0.0,0.0,0.0,0.0,0.0,4,2024
2024-04-06,0.0,5.6,0.2,3.05,2.2,4,2024
2024-04-07,0.0,4.2,5.4,3.56,0.02,4,2024
2024-04-08,0.0,0.0,0.0,6.1,1.0,4,2024
2024-04-09,1.0,2.2,0.0,0.51,0.3,4,2024
2024-04-10,6.0,2.2,2.6,0.0,0.0,4,2024
2024-04-11,0.0,9.2,5.3,2.03,1.0,4,2024
2024-04-12,29.0,4.8,3.7,1.78,6.2,4,2024
2024-04-13,8.6,13.0,7.0,0.0,0.0,4,2024
2024-04-14,14.0,17.4,50.7,0.0,0.0,4,2024
2024-04-15,0.0,1.8,0.2,0.0,0.0,4,2024
2024-04-16,0.0,4.2,0.0,0.0,0.0,4,2024
2024-04-17,10.0,12.2,0.5,0.0,0.0,4,2024
2024-04-18,3.0,32.4,0.0,0.0,0.0,4,2024
2024-04-19,2.0,4.0,0.6,3.05,2.0,4,2024
2024-04-20,6.0,0.4,0.0,10.16,6.0,4,2024
2024-04-21,0.0,0.0,0.6,0.0,0.0,4,2024
2024-04-22,3.0,3.2,5.1,0.0,0.0,4,2024
2024-04-23,0.0,4.2,0.4,0.0,0.0,4,2024
2024-04-24,0.0,3.0,2.2,13.21,8.0,4,2024
2024-04-25,10.0,5.4,0.2,0.0,0.0,4,2024
2024-04-26,0.0,0.0,8.8,0.0,0.0,4,2024
2024-04-27,0.1,2.2,0.0,4.32,1.6,4,2024
2024-04-28,0.0,2.2,2.6,2.4,1.02,4,2024
2024-04-29,2.2,0.0,4.2,0.0,0.0,4,2024
2024-04-30,0.0,0.0,0.0,0.0,0.0,4,2024
2024-05-01,0.0,0.0,26.3,0.0,0.0,5,2024
2024-05-02,19.0,0.0,6.2,0.0,0.0,5,2024
2024-05-03,8.0,0.0,4.8,4.6,3.0,5,2024
2024-05-04,12.0,104.2,0.4,0.0,0.0,5,2024
2024-05-05,0.0,0.0,0.0,0.0,0.0,5,2024
2024-05-06,1.0,2.8,25.9,0.0,0.0,5,2024
2024-05-07,33.0,7.8,20.7,0.0,0.0,5,2024
2024-05-08,0.0,9.9,0.6000000000000001,0.0,0.0,5,2024
2024-05-09,0.1,9.4,0.3,0.0,0.0,5,2024
2024-05-10,0.1,1.8,0.0,0.0,0.0,5,2024
2024-05-11,1.1,0.0,18.6,0.0,0.0,5,2024
2024-05-12,0.0,2.2,11.02,0.0,0.0,5,2024
2024-05-13,17.0,10.1,8.2,15.24,12.2,5,2024
2024-05-14,3.2,9.3,9.3,5.59,4.0,5,2024
2024-05-15,8.2,67.2,11.4,0.0,0.0,5,2024
2024-05-16,0.1,2.2,0.5,0.0,0.0,5,2024
2024-05-17,0.1,0.0,0.7,2.29,0.0,5,2024
2024-05-18,3.4,8.0,5.0,1.78,7.0,5,2024
2024-05-19,8.4,5.6,1.8,0.0,0.0,5,2024
2024-05-20,2.6,0.0,0.2,0.0,0.0,5,2024
2024-05-21,0.0,4.7,7.1,0.0,0.0,5,2024
2024-05-22,0.0,2.0,0.2,0.0,0.0,5,2024
2024-05-23,0.0,3.8,0.1,0.0,0.0,5,2024
2024-05-24,0.0,0.0,0.0,0.0,0.0,5,2024
2024-05-25,8.0,0.0,0.2,0.0,0.0,5,2024
2024-05-26,25.0,11.0,14.0,0.0,0.0,5,2024
2024-05-27,0.0,1.5,0.2,0.0,0.0,5,2024
2024-05-28,0.0,0.0,1.3,0.0,0.0,5,2024
2024-05-29,0.0,0.0,0.4,0.0,0.0,5,2024
2024-05-30,0.0,6.2,0.3,0.0,0.0,5,2024
2024-05-31,0.0,2.4,0.1,0.0,0.0,5,2024
2024-06-01,0.0,0.0,0.0,0.0,0.0,6,2024
2024-06-02,0.0,0.0,0.0,0.0,0.0,6,2024
2024-06-03,0.0,0.0,0.0,0.0,0.0,6,2024
2024-06-04,0.0,0.1,0.0,0.0,0.0,6,2024
2024-06-05,0.0,0.1,0.0,0.0,0.0,6,2024
2024-06-06,0.0,0.0,0.0,0.0,0.0,6,2024
2024-06-07,0.0,0.0,0.0,0.0,0.0,6,2024
2024-06-08,0.0,0.0,0.0,0.0,0.0,6,2024
2024-06-09,0.0,0.0,0.0,0.0,0.0,6,2024
2024-06-10,0.0,0.0,0.0,0.0,0.0,6,2024
2024-06-11,0.0,0.0,0.0,0.0,0.0,6,2024
2024-06-12,1.8,0.0,4.2,0.0,0.0,6,2024
2024-06-13,0.0,23.0,0.2,0.0,0.0,6,2024
2024-06-14,0.0,1.3,0.0,0.0,0.0,6,2024
2024-06-15,0.0,1.0,0.9,0.0,0.0,6,2024
2024-06-16,1.2,1.4,2.9,0.0,0.0,6,2024
2024-06-17,19.0,15.4,5.1000000000000005,0.0,0.0,6,2024
2024-06-18,6.2,42.2,12.5,4.06,3.0,6,2024
2024-06-19,15.0,0.2,10.3,10.16,14.4,6,2024
2024-06-20,8.0,1.2,6.5,10.16,10.0,6,2024
2024-06-21,0.0,0.6,0.1,0.0,0.0,6,2024
2024-06-22,0.0,0.0,0.0,0.0,0.0,6,2024
2024-06-23,0.0,2.0,0.1,0.0,0.0,6,2024
2024-06-24,0.0,1.2,0.1,0.0,0.0,6,2024
2024-06-25,0.0,0.8,0.0,0.0,0.0,6,2024
2024-06-26,0.0,3.2,0.0,0.0,0.0,6,2024
2024-06-27,0.0,8.9,0.2,1.02,0.4,6,2024
2024-06-28,0.0,0.0,0.0,0.0,0.0,6,2024
2024-06-29,0.0,22.4,0.0,0.0,0.0,6,2024
2024-06-30,2.0,7.300000000000001,0.2,0.0,0.0,6,2024
2024-07-01,2.0,6.4,5.8,0.0,0.0,7,2024
2024-07-02,0.0,0.0,0.2,0.0,0.0,7,2024
2024-07-03,0.0,0.0,0.0,0.0,0.0,7,2024
2024-07-04,0.0,0.0,0.0,0.0,0.0,7,2024
2024-07-05,0.0,0.0,0.0,0.0,0.0,7,2024
2024-07-06,0.0,0.0,2.9,0.0,0.0,7,2024
2024-07-07,0.2,32.0,0.4,0.0,0.0,7,2024
2024-07-08,0.0,49.0,0.1,0.0,0.0,7,2024
2024-07-09,0.0,56.4,0.7,0.0,0.0,7,2024
2024-07-10,0.0,1.8,17.0,0.0,0.0,7,2024
2024-07-11,0.0,0.0,0.1,0.0,0.0,7,2024
2024-07-12,0.0,0.0,0.0,0.0,0.0,7,2024
2024-07-13,0.0,0.0,0.0,0.0,0.0,7,2024
2024-07-14,0.0,0.0,0.0,0.0,0.0,7,2024
2024-07-15,0.0,0.0,0.2,0.0,0.0,7,2024
2024-07-16,0.0,0.0,0.6000000000000001,2.79,1.5,7,2024
2024-07-17,0.1,0.0,0.6,0.0,0.0,7,2024
2024-07-18,0.0,0.0,0.1,0.0,0.0,7,2024
2024-07-19,0.0,0.0,0.1,0.0,0.0,7,2024
2024-07-20,0.0,0.0,0.1,0.0,0.0,7,2024
2024-07-21,0.0,0.0,0.0,0.0,0.0,7,2024
2024-07-22,0.0,0.0,0.0,0.0,0.0,7,2024
2024-07-23,0.0,0.0,0.0,0.0,0.0,7,2024
2024-07-24,0.0,0.0,0.0,0.0,0.0,7,2024
2024-07-25,0.0,0.0,0.0,0.0,0.0,7,2024
2024-07-26,0.0,0.0,0.0,0.0,0.0,7,2024
2024-07-27,0.0,10.2,0.6,0.0,0.0,7,2024
2024-07-28,0.0,33.4,2.8,0.0,0.0,7,2024
2024-07-29,6.0,17.6,2.2,0.0,0.0,7,2024
2024-07-30,1.0,4.2,4.6,0.0,0.0,7,2024
2024-07-31,1.0,6.4,4.0,0.0,0.0,7,2024
2024-08-01,6.0,0.0,1.8,0.0,0.0,8,2024
2024-08-02,0.0,0.0,2.2,0.0,0.0,8,2024
2024-08-03,0.0,0.0,0.6,0.0,0.0,8,2024
2024-08-04,2.0,0.0,6.2,0.0,0.0,8,2024
2024-08-05,0.0,0.0,0.4,0.0,0.0,8,2024
2024-08-06,1.1,0.0,0.7,0.0,0.0,8,2024
2024-08-07,0.0,0.0,5.6,0.0,0.0,8,2024
2024-08-08,1.0,2.0,6.0,0.0,0.0,8,2024
2024-08-09,0.0,0.0,9.5,0.0,0.0,8,2024
2024-08-10,19.0,0.0,27.07,0.0,0.0,8,2024
2024-08-11,2.0,0.0,4.4,15.24,1.6,8,2024
2024-08-12,0.0,0.0,0.0,1.78,0.8,8,2024
2024-08-13,0.0,0.0,0.0,0.0,0.0,8,2024
2024-08-14,0.0,0.0,0.0,0.0,0.0,8,2024
2024-08-15,0.0,0.0,0.0,0.0,0.0,8,2024
2024-08-16,0.0,0.0,0.0,0.0,0.0,8,2024
2024-08-17,0.0,0.0,0.0,0.0,0.0,8,2024
2024-08-18,0.0,0.0,0.0,0.0,0.0,8,2024
2024-08-19,0.0,0.0,0.0,0.0,0.0,8,2024
2024-08-20,0.0,0.0,0.0,0.0,0.0,8,2024
2024-08-21,0.0,0.0,0.0,0.0,0.0,8,2024
2024-08-22,0.0,0.0,1.1,0.0,0.0,8,2024
2024-08-23,0.0,0.0,0.0,0.0,0.0,8,2024
2024-08-24,0.0,0.0,0.0,0.0,0.0,8,2024
2024-08-25,0.3,0.0,26.0,0.0,0.0,8,2024
2024-08-26,0.0,0.0,0.3,17.7,14.09,8,2024
2024-08-27,0.0,0.0,0.1,0.0,0.0,8,2024
2024-08-28,0.0,0.0,0.0,0.0,0.0,8,2024
2024-08-29,5.0,0.0,0.0,0.0,0.0,8,2024
2024-08-30,0.0,0.0666666666666666,0.0,0.0,0.0,8,2024
2024-08-31,0.0,0.0,0.0,0.0,0.0,8,2024
2024-09-01,0.0,0.0,0.0,0.0,0.0,9,2024
2024-09-02,0.0,0.0,0.6,2.3,1.0,9,2024
2024-09-03,0.0,0.0,0.0,0.0,0.0,9,2024
2024-09-04,0.0,0.0,0.0,0.0,0.0,9,2024
2024-09-05,0.0,0.0,0.0,0.0,0.0,9,2024
2024-09-06,13.3,0.0,2.8,19.3,5.0,9,2024
2024-09-07,0.0,0.0,0.0,0.0,0.0,9,2024
2024-09-08,0.0,0.0,0.0,0.0,0.0,9,2024
2024-09-09,0.0,0.0,0.0,0.0,0.0,9,2024
2024-09-10,0.0,0.0,0.0,0.0,0.0,9,2024
2024-09-11,0.0,0.0,0.0,0.0,0.0,9,2024
2024-09-12,0.0,0.0,0.0,0.0,0.0,9,2024
2024-09-13,0.0,0.0,0.0,0.0,0.0,9,2024
2024-09-14,0.0,0.0,0.0,0.0,0.0,9,2024
2024-09-15,1.0,15.2,5.2,0.0,0.0,9,2024
2024-09-16,0.0,2.4,0.0,0.0,0.0,9,2024
2024-09-17,0.0,0.0,0.0,0.0,0.0,9,2024
2024-09-18,0.0,0.0,0.0,0.0,0.0,9,2024
2024-09-19,9.6,0.0,25.0,0.0,0.0,9,2024
2024-09-20,0.0,0.0,2.1,0.0,0.0,9,2024
2024-09-21,8.0,0.0,12.3,0.0,0.0,9,2024
2024-09-22,0.0,0.0,2.13,0.0,0.0,9,2024
2024-09-23,0.0,0.0,0.0,0.0,0.0,9,2024
2024-09-24,0.0,0.0,0.0,0.0,0.0,9,2024
2024-09-25,0.0,0.0,0.0,0.0,0.0,9,2024
2024-09-26,0.0,0.0,1.3,0.0,0.0,9,2024
2024-09-27,0.0,0.0,10.0,0.0,0.0,9,2024
2024-09-28,15.0,26.0,14.2,11.68,0.0,9,2024
2024-09-29,5.0,0.0,4.5,16.76,0.0,9,2024
2024-09-30,18.0,0.0,19.0,0.76,0.1,9,2024
2024-10-01,0.0,0.0,0.0,0.0,0.0,10,2024
2024-10-02,0.0,0.0,0.0,0.0,0.0,10,2024
2024-10-03,18.0,0.0,2.0,12.7,0.0,10,2024
2024-10-04,13.2,0.0,1.5,1.27,10.0,10,2024
2024-10-05,0.0,0.0,0.0,0.0,0.0,10,2024
2024-10-06,0.0,0.0,0.0,36.32,13.0,10,2024
2024-10-07,0.0,0.0,0.0,0.0,0.0,10,2024
2024-10-08,0.0,6.8,0.0,0.0,0.0,10,2024
2024-10-09,0.0,0.0,0.0,0.0,0.0,10,2024
2024-10-10,0.0,22.5,0.0,0.0,0.0,10,2024
2024-10-11,0.0,7.1,0.6,0.0,0.0,10,2024
2024-10-12,1.0,0.5,0.6,0.0,0.0,10,2024
2024-10-13,6.0,0.0,0.0,0.0,0.0,10,2024
2024-10-14,8.0,0.0,8.4,12.7,10.0,10,2024
2024-10-15,0.0,0.0,0.4,6.6,0.0,10,2024
2024-10-16,2.0,0.0,0.4,0.0,0.0,10,2024
2024-10-17,1.0,0.0,0.4,0.0,0.0,10,2024
2024-10-18,0.0,0.0,0.0,0.0,0.0,10,2024
2024-10-19,0.0,0.0,0.0,0.0,0.0,10,2024
2024-10-20,0.0,17.5,1.2,0.0,0.0,10,2024
2024-10-21,0.0,0.0,0.4,0.0,0.0,10,2024
2024-10-22,8.0,91.3,4.6,3.3,0.3,10,2024
2024-10-23,6.0,4.3,47.4,6.1,2.8,10,2024
2024-10-24,0.0,0.0,0.0,0.0,0.0,10,2024
2024-10-25,4.0,0.0,5.0,0.0,0.0,10,2024
2024-10-26,18.0,6.3,58.0,0.0,0.0,10,2024
2024-10-27,8.0,14.1,14.8,6.35,0.0,10,2024
2024-10-28,0.0,1.2,2.0,10.67,4.6,10,2024
2024-10-29,0.0,1.0,1.0,22.86,14.2,10,2024
2024-10-30,0.0,0.4,11.2,8.13,4.0,10,2024
2024-10-31,0.0,0.0,2.2,0.0,0.0,10,2024
2024-11-01,0.0,1.2,0.0,0.0,0.0,11,2024
2024-11-02,1.0,3.6,4.8,0.0,0.0,11,2024
2024-11-03,52.0,1.2,29.2,5.8,4.2,11,2024
2024-11-04,8.0,74.6,12.2,3.05,0.0,11,2024
2024-11-05,0.0,0.2,1.2000000000000002,0.0,0.0,11,2024
2024-11-06,0.0,23.2,5.0,0.0,0.0,11,2024
2024-11-07,3.0,0.6,25.5,0.0,0.0,11,2024
2024-11-08,0.3,78.60000000000001,1.0,0.0,0.0,11,2024
2024-11-09,7.0,0.8,2.6,24.89,18.29,11,2024
2024-11-10,0.0,11.2,0.0,0.0,0.0,11,2024
2024-11-11,12.0,2.2,12.1,2.79,4.0,11,2024
2024-11-12,28.0,7.0,78.7,0.0,0.0,11,2024
2024-11-13,0.0,15.2,6.0,2.54,2.0,11,2024
2024-11-14,0.0,0.0,0.0,0.0,0.0,11,2024
2024-11-15,0.0,0.0,0.0,0.0,0.0,11,2024
2024-11-16,0.0,0.0,0.0,0.0,0.0,11,2024
2024-11-17,0.0,0.0,0.0,0.0,0.0,11,2024
2024-11-18,0.0,0.0,0.0,0.0,0.0,11,2024
2024-11-19,0.0,0.0,0.0,0.0,0.0,11,2024
2024-11-20,0.0,0.0,0.0,0.0,0.0,11,2024
2024-11-21,0.0,0.0,0.0,0.0,0.0,11,2024
2024-11-22,0.0,0.0,0.0,0.0,0.0,11,2024
2024-11-23,0.0,0.0,0.0,0.0,0.0,11,2024
2024-11-24,0.0,0.0,0.0,0.0,0.0,11,2024
2024-11-25,0.0,0.0,0.0,0.0,0.0,11,2024
2024-11-26,0.0,0.0,0.0,0.0,0.0,11,2024
2024-11-27,0.0,0.0,0.0,0.0,0.0,11,2024
2024-11-28,0.0,0.0,0.0,0.0,0.0,11,2024
2024-11-29,0.0,0.0,0.0,0.0,0.0,11,2024
2024-11-30,0.0,0.0,0.0,0.0,0.0,11,2024
