FECHA,Año,Mes,Día,KITENI,PS-1,PS-2,PS-3,PS-4
,2016,1,1,25.1,19.2,40.5,0.0,0.0
,2016,1,2,5.2,2.1,16.2,0.0,0.0
,2016,1,3,20.2,3.2,17.2,0.0,1.4
,2016,1,4,0.2,0.2,0.0,6.0,0.0
,2016,1,5,13.0,30.4,15.2,0.4,0.0
,2016,1,6,5.8,30.5,15.9,6.6,0.2
,2016,1,7,3.6,40.1,0.5,0.0,0.2
,2016,1,8,3.6,6.5,25.7,10.6,7.6
,2016,1,9,6.2,30.4,39.2,0.0,1.2
,2016,1,10,3.6,205.3,0.0,0.0,3.0
,2016,1,11,7.8,266.1,2.1,7.2,1.0
,2016,1,12,24.8,15.1,18.4,2.8,2.6
,2016,1,13,3.2,4.1,8.4,0.2,0.2
,2016,1,14,2.8,1.8,20.3,0.0,0.0
,2016,1,15,7.4,12.2,7.1,0.0,0.0
,2016,1,16,3.6,3.1,18.3,0.0,0.0
,2016,1,17,5.2,3.6,0.4,5.4,3.2
,2016,1,18,10.4,11.9,16.3,0.8,1.0
,2016,1,19,6.8,10.3,6.6,8.0,2.0
,2016,1,20,5.8,3.4,26.3,16.4,17.4
,2016,1,21,4.4,0.8,19.7,13.6,8.2
,2016,1,22,3.6,1.8,0.0,8.6,2.0
,2016,1,23,1.4,15.1,0.0,1.5,0.6
,2016,1,24,10.0,8.4,28.2,5.6,3.0
,2016,1,25,2.6,5.0,9.9,0.4,0.0
,2016,1,26,27.2,64.2,37.2,8.0,0.0
,2016,1,27,3.6,15.1,0.2,1.8,1.4
,2016,1,28,5.8,4.6,10.8,0.0,0.0
,2016,1,29,2.8,89.2,6.800000000000001,16.0,23.0
,2016,1,30,2.0,7.4,21.8,3.0,0.6
,2016,1,31,18.6,70.0,8.8,7.199999999999999,0.2
,2016,2,1,2.2,66.6,10.3,27.0,0.2
,2016,2,2,3.6,13.2,4.4,15.2,4.600000000000001
,2016,2,3,46.0,35.8,3.8,1.6,11.6
,2016,2,4,18.4,6.4,4.199999999999999,9.399999999999999,29.2
,2016,2,5,5.4,69.6,27.2,0.0,0.0
,2016,2,6,37.59999999999999,7.800000000000001,40.8,9.2,2.0
,2016,2,7,8.7,12.2,7.4,21.4,4.2
,2016,2,8,19.8,17.2,51.6,34.2,19.6
,2016,2,9,3.9,2.3,0.1,3.4,3.4
,2016,2,10,19.3,2.5,11.8,12.4,9.4
,2016,2,11,1.0,51.2,1.4,7.6,11.0
,2016,2,12,20.6,24.7,24.4,6.8,25.5
,2016,2,13,10.5,18.0,14.8,2.2,9.1
,2016,2,14,6.9,2.2,1.4,0.2,10.2
,2016,2,15,1.2,1.3,0.5,0.1,11.0
,2016,2,16,1.0,60.8,4.0,1.6,12.0
,2016,2,17,10.2,8.4,11.5,6.8,3.0
,2016,2,18,1.6,74.60000000000001,2.4,8.2,2.0
,2016,2,19,6.9,1.3,5.0,0.2,1.0
,2016,2,20,0.6,2.2,0.2,0.2,0.2
,2016,2,21,39.5,9.299999999999999,49.6,3.0,8.4
,2016,2,22,15.4,48.8,23.0,8.2,10.0
,2016,2,23,22.4,23.1,34.5,22.8,14.5
,2016,2,24,19.6,19.5,41.4,2.4,4.7
,2016,2,25,24.8,20.0,34.1,13.8,8.0
,2016,2,26,5.8,0.1,16.4,3.8,15.7
,2016,2,27,10.8,2.4,27.8,5.6,16.0
,2016,2,28,26.8,6.300000000000001,5.2,4.2,1.8
,2016,2,29,17.2,59.7,18.4,15.2,9.2
,2016,3,1,23.8,86.7,52.2,38.4,20.8
,2016,3,2,2.6,0.6000000000000001,1.0,0.8,4.2
,2016,3,3,5.0,0.2,9.799999999999999,0.2,0.2
,2016,3,4,2.5,1.4,3.8,2.2,0.4
,2016,3,5,2.5,28.3,4.5,14.6,22.7
,2016,3,6,4.0,4.5,0.4,5.8,1.8
,2016,3,7,0.1,26.0,1.4,0.0,6.2
,2016,3,8,0.4,2.4,12.5,28.8,12.0
,2016,3,9,2.5,6.6,8.2,1.8,0.4
,2016,3,10,6.0,45.0,23.0,0.0,0.4
,2016,3,11,27.0,47.4,20.0,1.6,20.8
,2016,3,12,11.0,14.2,19.8,4.2,0.4
,2016,3,13,2.5,4.3,2.4,37.8,4.399999999999999
,2016,3,14,0.6,3.2,3.8,3.0,20.6
,2016,3,15,2.5,6.6,18.2,5.8,4.0
,2016,3,16,3.7,6.6,0.1,1.6,0.6
,2016,3,17,2.5,6.6,1.9,0.2,0.5
,2016,3,18,3.6,2.3,0.7,1.6,0.4
,2016,3,19,7.0,4.1,22.4,8.6,5.5
,2016,3,20,2.9,9.6,9.6,10.0,25.4
,2016,3,21,2.0,8.399999999999999,36.6,11.0,18.6
,2016,3,22,1.5,6.199999999999999,13.4,1.4,1.8
,2016,3,23,2.5,8.4,1.4,1.2,1.0
,2016,3,24,4.6,0.3,5.4,2.6,0.0
,2016,3,25,3.0,17.0,1.2,2.4,0.0
,2016,3,26,37.8,29.7,29.8,18.6,2.8
,2016,3,27,6.6,1.3,16.6,1.8,0.0
,2016,3,28,2.5,6.6,2.1,9.2,2.0
,2016,3,29,2.5,6.6,1.0,0.0,0.0
,2016,3,30,2.5,6.6,0.0,1.0,0.0
,2016,3,31,2.5,56.8,1.0,3.0,0.3
,2016,4,1,8.2,21.8,5.0,0.0,0.3
,2016,4,2,2.6,4.1,0.8,0.0,0.3
,2016,4,3,2.6,25.9,0.2,0.0,0.0
,2016,4,4,12.6,0.2,8.3,1.6,0.8
,2016,4,5,2.5,11.4,21.4,5.2,1.0
,2016,4,6,2.6,4.0,10.6,7.8,2.2
,2016,4,7,14.9,2.0,6.1,8.0,0.0
,2016,4,8,11.5,3.8,2.2,10.2,2.0
,2016,4,9,2.6,3.8,0.2,16.0,0.5
,2016,4,10,2.6,4.1,0.0,2.0,0.0
,2016,4,11,0.8,4.1,0.3,1.0,0.5
,2016,4,12,15.8,43.5,25.0,9.0,2.0
,2016,4,13,1.6,4.7,12.2,0.2,0.2
,2016,4,14,2.6,0.2,2.0,0.2,3.4
,2016,4,15,8.6,20.7,4.0,4.6,0.6000000000000001
,2016,4,16,2.6,0.2,0.3,1.2,0.0
,2016,4,17,4.4,5.4,14.2,24.0,1.6
,2016,4,18,12.4,4.1,27.8,15.2,6.4
,2016,4,19,14.0,1.2,62.59999999999999,0.2,0.2
,2016,4,20,4.6,12.5,2.5,4.2,0.2
,2016,4,21,3.4,17.1,7.5,9.8,36.4
,2016,4,22,11.0,10.3,16.3,2.2,0.6
,2016,4,23,4.0,0.3,6.4,1.0,0.4
,2016,4,24,21.2,10.1,16.9,0.2,0.2
,2016,4,25,0.4,7.3,0.0,0.0,0.2
,2016,4,26,2.6,0.1,0.0,0.0,0.0
,2016,4,27,2.0,4.3,0.0,0.0,0.0
,2016,4,28,2.6,35.2,2.0,0.4,0.0
,2016,4,29,2.6,0.2,0.2,1.0,0.0
,2016,4,30,0.2,4.1,0.0,0.0,0.0
,2016,5,1,0.7,4.9,0.0,0.0,0.0
,2016,5,2,0.7,4.9,0.0,0.0,0.0
,2016,5,3,0.7,4.9,0.6,0.0,0.0
,2016,5,4,0.7,0.1,0.6,0.0,0.0
,2016,5,5,0.7,0.2,0.0,0.0,0.0
,2016,5,6,0.7,4.9,0.0,0.0,0.0
,2016,5,7,0.7,0.2,6.4,0.0,0.0
,2016,5,8,1.1,41.0,4.0,0.0,0.0
,2016,5,9,0.7,77.3,4.5,1.2,2.2
,2016,5,10,0.7,0.1,0.0,0.0,0.0
,2016,5,11,0.7,0.2,0.0,0.0,1.2
,2016,5,12,0.7,52.4,12.4,0.0,0.0
,2016,5,13,0.7,6.5,49.6,3.8,1.0
,2016,5,14,0.7,5.399999999999999,7.800000000000001,8.2,0.2
,2016,5,15,0.7,4.9,0.0,0.0,0.0
,2016,5,16,0.7,7.1,0.0,0.0,0.0
,2016,5,17,1.0,7.2,1.4,0.0,0.2
,2016,5,18,11.0,13.6,6.600000000000001,0.0,0.0
,2016,5,19,1.7,36.3,7.0,0.0,0.8
,2016,5,20,0.8,0.7,2.8,0.0,0.0
,2016,5,21,0.7,0.4,1.4,0.0,0.0
,2016,5,22,2.0,3.9,0.1,0.0,0.0
,2016,5,23,22.2,7.7,37.8,1.0,2.4
,2016,5,24,0.2,1.6,32.1,2.0,6.4
,2016,5,25,0.7,0.5,0.5,0.0,0.0
,2016,5,26,0.7,4.9,2.8,0.0,0.0
,2016,5,27,0.7,14.7,3.0,1.2,0.0
,2016,5,28,0.7,6.4,0.2,0.0,0.0
,2016,5,29,3.2,16.9,4.4,1.2,0.0
,2016,5,30,0.7,2.2,1.4,0.0,0.0
,2016,5,31,0.7,1.8,0.0,0.0,0.0
,2016,6,1,0.8,2.5,0.0,0.0,0.0
,2016,6,2,0.8,2.5,1.0,0.0,0.0
,2016,6,3,0.8,2.5,3.2,0.0,0.0
,2016,6,4,0.8,0.6,0.2,0.0,0.0
,2016,6,5,0.8,0.2,0.2,0.0,0.0
,2016,6,6,3.6,58.0,8.4,0.0,0.0
,2016,6,7,7.9,4.199999999999999,6.4,0.0,0.0
,2016,6,8,1.0,21.4,6.6,0.0,0.0
,2016,6,9,10.0,41.8,12.1,0.0,0.0
,2016,6,10,2.2,0.8,0.4,0.2,0.0
,2016,6,11,0.8,2.5,0.0,0.0,0.0
,2016,6,12,0.8,2.5,0.1,22.4,0.0
,2016,6,13,0.8,2.5,0.1,0.4,0.2
,2016,6,14,0.8,2.5,0.0,0.0,0.0
,2016,6,15,0.8,0.1,0.0,0.0,0.0
,2016,6,16,0.8,2.5,0.0,0.0,0.0
,2016,6,17,0.8,0.1,0.0,0.0,0.0
,2016,6,18,0.8,2.5,0.0,0.0,0.0
,2016,6,19,0.8,7.3,1.4,0.0,0.0
,2016,6,20,0.8,2.5,0.0,0.0,0.0
,2016,6,21,4.4,2.5,1.9,0.0,0.0
,2016,6,22,5.4,2.5,2.5,0.0,0.0
,2016,6,23,0.8,2.5,2.3,0.0,0.0
,2016,6,24,0.8,2.5,0.0,0.0,0.0
,2016,6,25,0.8,2.5,0.0,0.0,0.0
,2016,6,26,4.8,0.1,21.0,0.0,0.0
,2016,6,27,5.6,2.5,14.0,2.2,2.0
,2016,6,28,4.6,17.6,10.7,36.8,1.2
,2016,6,29,0.8,2.5,0.0,5.0,3.0
,2016,6,30,0.8,0.1,0.0,0.0,0.2
,2016,7,1,0.4,0.8,0.0,0.0,0.0
,2016,7,2,0.4,0.8,0.0,0.0,0.0
,2016,7,3,0.4,0.8,0.0,0.0,0.2
,2016,7,4,0.4,0.1,0.0,0.0,0.0
,2016,7,5,0.4,0.8,0.0,0.0,0.0
,2016,7,6,0.4,7.4,0.0,0.0,0.0
,2016,7,7,0.2,5.6,2.3,1.4,3.2
,2016,7,8,24.9,24.4,22.4,12.6,9.799999999999999
,2016,7,9,0.4,0.2,0.5,0.0,0.0
,2016,7,10,0.4,0.8,0.0,0.0,0.0
,2016,7,11,0.4,0.8,3.0,0.0,0.0
,2016,7,12,0.4,0.8,0.0,0.0,0.0
,2016,7,13,0.4,0.8,0.3,0.0,0.0
,2016,7,14,0.4,0.8,2.0,0.0,0.0
,2016,7,15,0.4,0.8,0.0,0.0,0.0
,2016,7,16,0.4,0.8,1.2,0.0,0.0
,2016,7,17,0.4,0.8,5.4,0.0,0.0
,2016,7,18,0.4,0.8,0.4,0.0,0.0
,2016,7,19,0.4,0.8,0.0,0.0,0.0
,2016,7,20,0.4,0.8,0.0,0.0,0.0
,2016,7,21,0.4,0.8,0.0,0.0,0.0
,2016,7,22,0.4,0.8,0.0,0.0,0.0
,2016,7,23,0.4,0.8,0.0,0.0,0.0
,2016,7,24,0.4,0.8,0.0,0.0,0.0
,2016,7,25,0.4,0.8,0.0,0.0,0.0
,2016,7,26,0.4,8.4,0.0,0.0,0.0
,2016,7,27,0.4,0.3,0.0,0.0,0.0
,2016,7,28,0.4,0.8,0.0,0.0,0.0
,2016,7,29,0.4,0.8,0.0,0.0,0.0
,2016,7,30,0.4,0.1,0.0,0.0,0.0
,2016,7,31,0.4,0.8,0.0,0.0,0.0
,2016,8,1,1.5,0.9,0.0,0.0,0.0
,2016,8,2,1.5,19.7,0.0,0.0,0.0
,2016,8,3,1.5,0.2,0.0,0.0,0.0
,2016,8,4,1.5,0.3,0.0,0.0,0.0
,2016,8,5,1.5,0.3,0.0,0.0,0.0
,2016,8,6,1.5,0.9,0.0,3.6,2.0
,2016,8,7,23.6,0.9,0.0,0.0,0.0
,2016,8,8,1.5,0.9,0.0,0.0,0.0
,2016,8,9,24.4,2.1,10.0,0.0,0.0
,2016,8,10,15.9,10.1,6.0,0.0,2.6
,2016,8,11,1.0,18.6,10.1,6.6,1.0
,2016,8,12,1.5,0.2,0.3,0.0,0.0
,2016,8,13,1.5,0.9,0.4,0.0,0.0
,2016,8,14,1.5,0.9,3.5,0.0,0.0
,2016,8,15,1.5,0.9,0.2,0.0,0.0
,2016,8,16,9.4,0.9,0.0,0.0,0.0
,2016,8,17,1.5,0.9,2.0,0.0,0.0
,2016,8,18,1.5,0.9,0.0,0.0,0.0
,2016,8,19,1.5,0.9,0.0,0.0,0.0
,2016,8,20,4.8,0.2,4.0,1.0,1.8
,2016,8,21,0.4,1.0,0.0,10.0,0.0
,2016,8,22,5.0,4.8,27.0,14.0,7.4
,2016,8,23,0.1,0.9,0.0,0.0,0.0
,2016,8,24,1.5,0.9,0.0,1.4,0.0
,2016,8,25,1.5,0.9,0.0,0.0,0.0
,2016,8,26,0.3,0.9,0.0,1.0,1.0
,2016,8,27,10.9,0.9,0.0,0.0,0.0
,2016,8,28,1.5,0.9,0.0,0.0,0.0
,2016,8,29,1.5,0.9,0.0,0.0,0.0
,2016,8,30,1.5,0.9,0.0,0.0,0.0
,2016,8,31,1.5,0.9,0.5,0.0,0.0
,2016,9,1,1.7,1.9,0.0,0.0,0.0
,2016,9,2,3.1,0.1,0.3,0.0,0.0
,2016,9,3,1.7,1.9,1.0,0.0,0.0
,2016,9,4,8.8,18.2,15.2,0.0,0.0
,2016,9,5,0.2,0.4,2.8,0.2,0.0
,2016,9,6,1.7,0.3,0.3,0.4,0.2
,2016,9,7,1.7,1.9,0.4,0.0,0.0
,2016,9,8,1.7,1.9,0.0,0.2,0.4
,2016,9,9,1.7,1.9,3.2,0.0,0.0
,2016,9,10,1.7,0.1,2.3,0.4,0.6000000000000001
,2016,9,11,1.7,1.9,23.0,0.0,0.0
,2016,9,12,1.7,1.9,0.0,0.0,0.0
,2016,9,13,1.7,1.9,0.0,0.0,0.0
,2016,9,14,1.7,1.9,0.0,0.0,0.0
,2016,9,15,7.0,13.2,0.0,0.2,0.2
,2016,9,16,3.0,0.5,34.7,0.2,0.0
,2016,9,17,1.7,1.9,0.0,0.0,0.0
,2016,9,18,1.7,1.9,0.0,0.0,0.0
,2016,9,19,1.7,17.6,0.0,18.2,2.4
,2016,9,20,14.2,15.3,25.5,6.2,1.0
,2016,9,21,1.7,6.1,4.0,0.0,0.0
,2016,9,22,1.7,1.9,0.0,0.0,0.0
,2016,9,23,1.7,0.1,0.0,0.0,0.0
,2016,9,24,5.4,7.5,0.0,12.0,0.2
,2016,9,25,1.7,7.5,0.0,0.0,13.2
,2016,9,26,1.7,4.4,0.4,0.0,4.2
,2016,9,27,1.0,0.1,24.6,3.0,1.0
,2016,9,28,55.0,19.7,0.0,13.6,1.2
,2016,9,29,1.7,1.9,0.0,0.0,0.0
,2016,9,30,3.2,1.9,0.0,0.0,0.0
,2016,10,1,2.9,3.8,6.6,6.4,0.0
,2016,10,2,20.8,0.8,5.0,11.2,22.6
,2016,10,3,1.1,3.8,19.0,2.8,15.8
,2016,10,4,26.2,19.4,8.5,4.8,0.4
,2016,10,5,2.9,0.2,2.3,6.4,0.0
,2016,10,6,0.1,3.8,24.5,5.800000000000001,8.8
,2016,10,7,68.2,58.4,0.0,0.0,1.8
,2016,10,8,2.9,2.2,0.0,0.0,0.0
,2016,10,9,2.9,0.4,0.0,3.0,6.4
,2016,10,10,16.0,0.4,6.2,6.4,3.4
,2016,10,11,0.4,3.8,4.6,0.0,1.2
,2016,10,12,2.9,0.4,2.6,3.2,2.2
,2016,10,13,2.9,0.4,0.0,0.0,0.0
,2016,10,14,9.8,13.0,4.1,9.2,0.2
,2016,10,15,1.8,2.3,1.0,0.0,0.0
,2016,10,16,2.9,0.2,0.0,0.0,0.0
,2016,10,17,2.9,0.2,0.0,1.2,0.2
,2016,10,18,8.3,3.8,0.0,2.2,2.0
,2016,10,19,2.9,3.8,0.0,2.2,0.0
,2016,10,20,2.9,3.8,0.0,16.0,6.0
,2016,10,21,2.9,26.2,0.0,0.0,0.0
,2016,10,22,6.9,37.7,0.0,22.0,4.6
,2016,10,23,2.9,12.3,0.0,0.0,0.0
,2016,10,24,2.9,3.8,0.0,0.0,0.0
,2016,10,25,2.9,0.6000000000000001,0.0,6.1,0.0
,2016,10,26,2.9,3.8,0.0,0.0,0.4
,2016,10,27,4.800000000000001,18.5,0.0,0.8,11.4
,2016,10,28,17.6,19.5,0.0,18.6,4.0
,2016,10,29,2.9,3.8,0.0,2.2,1.5
,2016,10,30,2.9,3.8,0.0,0.0,0.0
,2016,10,31,2.9,3.8,0.0,0.6,0.0
,2016,11,1,1.2,3.0,0.0,0.0,0.0
,2016,11,2,1.2,2.1,0.0,0.0,0.0
,2016,11,3,1.2,3.6,0.0,2.0,0.0
,2016,11,4,1.2,3.0,0.0,26.0,0.8
,2016,11,5,1.2,3.0,0.0,24.2,8.4
,2016,11,6,1.2,3.0,0.0,2.6,1.4
,2016,11,7,1.2,3.0,0.0,0.0,0.0
,2016,11,8,1.2,3.0,0.0,0.0,0.0
,2016,11,9,1.2,3.0,0.0,0.0,0.0
,2016,11,10,1.2,3.0,0.0,1.4,14.0
,2016,11,11,1.2,0.4,0.0,0.0,0.0
,2016,11,12,1.2,42.2,0.0,0.0,0.0
,2016,11,13,1.2,8.2,0.0,0.0,0.0
,2016,11,14,1.2,21.3,0.0,0.0,0.0
,2016,11,15,1.2,3.0,0.0,0.0,0.0
,2016,11,16,1.2,1.2,0.0,0.0,0.0
,2016,11,17,28.8,3.0,0.0,15.2,5.3
,2016,11,18,2.6,16.6,0.0,0.0,0.0
,2016,11,19,0.8,3.0,0.0,0.0,0.0
,2016,11,20,1.2,42.9,0.0,0.0,0.0
,2016,11,21,1.2,3.0,0.0,0.0,0.0
,2016,11,22,1.2,3.0,0.0,1.4,3.0
,2016,11,23,1.2,26.6,0.0,0.0,0.0
,2016,11,24,1.2,3.0,0.0,0.0,0.0
,2016,11,25,36.8,2.4,0.0,0.0,0.0
,2016,11,26,0.6,7.8,0.0,1.4,0.0
,2016,11,27,1.2,3.0,0.0,3.0,1.2
,2016,11,28,1.2,5.0,0.0,0.0,8.2
,2016,11,29,1.2,1.0,0.0,0.0,0.0
,2016,11,30,1.2,3.0,0.0,12.8,3.1
,2016,12,31,3.9,3.08,0.0,0.0,10.0
,2016,12,31,3.9,8.2,0.0,3.0,0.0
,2016,12,31,3.9,14.8,0.0,0.0,0.0
,2016,12,31,22.0,31.8,0.0,5.0,0.6
,2016,12,31,2.3,2.4,0.0,11.0,5.2
,2016,12,31,2.2,15.6,0.0,3.2,8.0
,2016,12,31,10.2,2.1,0.0,21.4,0.0
,2016,12,31,4.2,0.8,0.0,3.8,1.2
,2016,12,31,5.0,8.2,0.0,8.1,14.0
,2016,12,31,3.9,6.8,0.0,0.0,0.0
,2016,12,31,0.7,35.5,0.0,0.0,0.0
,2016,12,31,3.9,13.8,0.0,0.0,0.0
,2016,12,31,6.8,56.9,0.0,0.0,0.0
,2016,12,31,3.9,0.7,0.0,0.0,0.0
,2016,12,31,1.0,23.8,0.0,20.8,5.6
,2016,12,31,36.0,1.5,0.0,3.0,14.8
,2016,12,31,3.9,8.2,0.0,0.6,0.6
,2016,12,31,3.9,8.2,0.0,0.0,0.6
,2016,12,31,27.2,8.2,0.0,2.2,2.2
,2016,12,31,1.3,8.2,0.0,2.0,3.6
,2016,12,31,32.4,8.2,0.0,25.2,2.0
,2016,12,31,2.0,8.2,0.0,15.2,6.0
,2016,12,31,36.8,8.2,0.0,70.2,3.4
,2016,12,31,1.8,8.2,0.0,18.6,2.8
,2016,12,31,3.9,8.2,0.0,0.0,0.2
,2016,12,31,7.6,8.2,0.0,0.0,7.2
,2016,12,31,1.6,8.2,0.0,0.0,0.0
,2016,12,31,3.9,8.2,0.0,0.0,0.0
,2016,12,31,8.3,8.2,0.0,9.0,1.0
,2016,12,31,3.9,8.2,0.0,0.0,0.0
,2016,12,31,26.0,68.2,0.0,0.0,0.0
,2017,1,1,27.6,18.2,0.0,11.0,19.0
,2017,1,2,22.0,10.6,0.0,3.6,8.0
,2017,1,3,8.9,1.2,0.0,5.0,3.4
,2017,1,4,2.0,30.8,0.0,6.0,6.0
,2017,1,5,26.3,68.2,0.0,17.0,12.6
,2017,1,6,13.01,17.0,0.0,43.0,13.0
,2017,1,7,8.3,0.4,0.0,16.0,13.0
,2017,1,8,2.0,41.0,0.0,9.0,33.2
,2017,1,9,21.5,122.1,0.0,11.0,16.0
,2017,1,10,3.9,24.4,0.0,9.4,3.6
,2017,1,11,4.6,25.6,0.0,9.2,5.0
,2017,1,12,0.2,9.6,0.0,7.4,6.600000000000001
,2017,1,13,0.6,50.8,0.0,0.2,4.2
,2017,1,14,12.0,52.3,0.0,29.8,16.4
,2017,1,15,7.1,74.60000000000001,0.0,2.6,2.4
,2017,1,16,20.3,0.2,0.0,21.4,9.8
,2017,1,17,3.2,8.6,0.0,7.399999999999999,2.8
,2017,1,18,0.3,0.0,0.0,8.8,7.2
,2017,1,19,4.8,0.0,0.0,0.0,1.6
,2017,1,20,25.3,0.2,0.0,30.6,19.6
,2017,1,21,23.4,13.5,0.0,13.4,7.2
,2017,1,22,1.2,8.1,0.0,5.0,8.399999999999999
,2017,1,23,4.8,4.2,0.0,8.799999999999999,9.6
,2017,1,24,18.9,99.9,0.0,2.7,5.4
,2017,1,25,10.8,9.200000000000001,0.0,7.2,4.0
,2017,1,26,3.8,4.3,0.0,3.8,4.0
,2017,1,27,5.0,4.4,0.0,1.8,6.6
,2017,1,28,18.2,6.3,0.0,5.6,0.0
,2017,1,29,8.6,0.0,0.0,5.9,6.4
,2017,1,30,4.8,0.0,0.0,2.5,4.8
,2017,1,31,4.8,0.0,0.0,2.0,4.0
,2017,2,1,2.2,0.0,0.0,4.2,3.8
,2017,2,2,6.7,54.4,0.0,15.0,4.6
,2017,2,3,6.7,40.1,0.0,12.6,6.0
,2017,2,4,6.7,24.6,0.0,12.2,0.0
,2017,2,5,6.7,39.3,0.0,15.4,4.2
,2017,2,6,6.7,24.1,0.0,8.8,2.0
,2017,2,7,6.7,21.1,0.0,12.4,0.0
,2017,2,8,6.7,10.8,0.0,7.4,1.2
,2017,2,9,6.7,15.5,0.0,18.0,2.2
,2017,2,10,6.7,16.5,0.0,9.1,2.6
,2017,2,11,6.7,8.5,0.0,0.0,7.0
,2017,2,12,11.6,6.199999999999999,0.0,5.0,0.0
,2017,2,13,24.0,17.6,0.0,29.0,32.2
,2017,2,14,0.4,12.8,0.0,5.2,1.2
,2017,2,15,6.7,8.8,0.0,27.2,10.5
,2017,2,16,23.1,0.23,0.0,0.6,0.0
,2017,2,17,10.0,8.5,0.0,15.2,19.3
,2017,2,18,0.3,12.3,0.0,1.0,1.6
,2017,2,19,0.5,16.8,0.0,1.8,0.0
,2017,2,20,6.7,4.8,0.0,11.2,16.8
,2017,2,21,38.1,70.7,0.0,16.0,3.0
,2017,2,22,14.4,14.4,0.0,19.4,11.8
,2017,2,23,3.0,32.3,0.0,9.2,2.2
,2017,2,24,19.3,47.5,0.0,14.8,23.0
,2017,2,25,18.0,142.0,0.0,1.0,2.6
,2017,2,26,0.3,19.0,0.0,5.2,5.2
,2017,2,27,63.2,60.8,0.0,44.2,26.0
,2017,2,28,11.1,4.9,0.0,1.6,21.2
,2017,3,1,0.9,9.6,0.0,7.4,15.4
,2017,3,2,0.4,21.3,0.0,1.8,16.0
,2017,3,3,0.4,12.8,0.0,7.0,3.8
,2017,3,4,0.2,32.4,0.0,0.8,0.4
,2017,3,5,10.4,0.4,0.0,6.0,0.4
,2017,3,6,4.2,24.0,0.0,14.8,5.8
,2017,3,7,4.0,4.5,0.0,15.2,7.4
,2017,3,8,43.1,135.0,0.0,28.6,8.4
,2017,3,9,3.7,3.0,0.0,4.2,0.4
,2017,3,10,0.4,6.0,0.0,8.0,13.2
,2017,3,11,30.2,13.3,0.0,3.6,5.0
,2017,3,12,3.6,8.6,0.0,1.0,1.2
,2017,3,13,3.6,0.0,0.0,3.3,3.6
,2017,3,14,3.6,23.4,0.0,1.0,1.2
,2017,3,15,3.6,0.0,0.0,1.0,2.2
,2017,3,16,40.0,44.8,0.0,3.0,4.4
,2017,3,17,3.6,52.6,0.0,1.2,0.2
,2017,3,18,9.0,0.0,0.0,13.4,2.4
,2017,3,19,0.2,0.0,0.0,1.2,0.2
,2017,3,20,0.1,0.0,0.0,11.0,0.2
,2017,3,21,0.2,0.0,0.0,15.4,0.0
,2017,3,22,3.6,0.0,0.0,0.0,2.4
,2017,3,23,25.8,25.2,0.0,16.6,1.2
,2017,3,24,10.8,9.2,0.0,3.2,3.2
,2017,3,25,0.1,22.6,0.0,3.4,4.2
,2017,3,26,1.5,29.2,0.0,1.0,4.2
,2017,3,27,3.0,3.4,0.0,0.0,8.4
,2017,3,28,0.2,28.6,0.0,3.2,1.0
,2017,3,29,4.1,3.8,0.0,0.0,0.0
,2017,3,30,3.6,13.5,0.0,7.0,8.2
,2017,3,31,9.399999999999999,43.09999999999999,0.0,13.8,2.6
,2017,4,1,3.1,3.1,0.0,1.2,0.2
,2017,4,2,3.1,3.8,0.0,1.0,0.0
,2017,4,3,11.0,4.5,0.0,2.2,3.6
,2017,4,4,16.5,1.0,0.0,2.6,2.0
,2017,4,5,0.3,1.2,0.0,0.0,3.2
,2017,4,6,16.2,14.2,0.0,2.2,0.0
,2017,4,7,3.2,59.6,0.0,1.0,0.0
,2017,4,8,10.2,3.8,0.0,0.4,0.2
,2017,4,9,15.8,46.0,53.8,0.2,0.0
,2017,4,10,1.2,10.4,0.7,0.0,0.0
,2017,4,11,42.2,54.5,24.9,18.4,0.0
,2017,4,12,5.9,40.8,1.1,6.8,3.0
,2017,4,13,2.0,8.600000000000001,0.6,1.8,1.0
,2017,4,14,0.2,2.7,1.1,2.8,3.6
,2017,4,15,13.9,0.0,6.5,1.2,0.6
,2017,4,16,3.1,0.0,0.5,3.6,2.0
,2017,4,17,3.1,0.2,9.2,0.0,0.8
,2017,4,18,3.1,2.1,9.2,2.4,0.2
,2017,4,19,1.2,0.0,3.8,4.6,11.8
,2017,4,20,3.1,2.0,0.6,0.0,0.0
,2017,4,21,3.1,10.4,8.5,0.0,0.0
,2017,4,22,3.1,2.2,7.7,0.0,0.0
,2017,4,23,22.3,82.2,6.2,0.4,0.2
,2017,4,24,3.1,2.2,5.7,4.6,2.8
,2017,4,25,5.9,6.4,0.4,0.0,0.2
,2017,4,26,7.1,0.2,4.2,0.0,0.0
,2017,4,27,0.9,0.0,0.0,7.4,14.0
,2017,4,28,6.2,7.8,23.7,2.0,4.4
,2017,4,29,2.4,0.0,0.0,5.0,11.6
,2017,4,30,3.1,0.0,0.0,0.4,0.2
,2017,5,1,1.8,0.0,0.0,0.0,0.0
,2017,5,2,1.8,0.1,0.8,0.0,0.0
,2017,5,3,11.2,0.0,6.0,10.1,0.0
,2017,5,4,3.8,51.7,10.4,2.0,0.0
,2017,5,5,1.8,0.0,0.1,0.4,0.0
,2017,5,6,1.8,0.0,0.1,0.0,0.0
,2017,5,7,2.8,0.0,13.0,0.0,0.0
,2017,5,8,1.8,0.2,2.1,0.0,0.0
,2017,5,9,1.8,2.2,0.0,0.0,0.0
,2017,5,10,5.4,63.6,8.2,0.2,0.0
,2017,5,11,7.1,3.4,19.5,0.0,4.6
,2017,5,12,1.8,6.4,1.0,0.0,0.0
,2017,5,13,1.8,0.0,5.8,0.0,0.0
,2017,5,14,22.4,2.2,56.0,0.0,0.0
,2017,5,15,0.6,10.4,5.5,8.4,0.0
,2017,5,16,35.8,9.4,45.6,1.4,0.0
,2017,5,17,0.4,46.8,7.5,0.0,0.0
,2017,5,18,10.3,37.9,35.4,0.0,0.0
,2017,5,19,1.8,2.4,0.0,0.2,0.8
,2017,5,20,2.4,15.8,6.8,1.2,1.0
,2017,5,21,1.2,4.1,3.2,0.0,0.0
,2017,5,22,1.8,26.4,2.7,2.0,3.0
,2017,5,23,0.1,3.2,2.7,0.0,0.0
,2017,5,24,1.2,0.9,2.6,3.8,2.8
,2017,5,25,3.2,39.4,1.5,22.8,6.800000000000001
,2017,5,26,0.2,1.0,4.8,1.8,2.4
,2017,5,27,1.8,6.0,0.2,0.0,0.0
,2017,5,28,1.0,9.6,2.2,20.4,2.6
,2017,5,29,1.8,4.0,0.4,20.2,11.8
,2017,5,30,0.4,0.0,0.0,0.8,0.0
,2017,5,31,1.8,4.6,6.2,0.0,0.0
,2017,6,1,0.5,6.4,0.0,0.0,0.2
,2017,6,2,21.2,0.6000000000000001,2.3,0.8,0.4
,2017,6,3,0.5,0.2,0.2,0.2,0.0
,2017,6,4,0.5,0.0,0.0,0.0,0.0
,2017,6,5,0.5,0.0,0.6000000000000001,0.8,0.4
,2017,6,6,0.5,0.0,0.5,0.0,0.0
,2017,6,7,0.6,0.0,0.0,0.0,0.0
,2017,6,8,0.5,4.0,0.0,0.0,0.0
,2017,6,9,0.5,0.0,0.0,0.0,0.0
,2017,6,10,1.1,13.2,0.0,0.0,0.6
,2017,6,11,0.5,1.0,0.4,8.2,0.0
,2017,6,12,0.5,0.0,2.0,4.0,0.0
,2017,6,13,0.5,0.0,0.7,0.0,0.0
,2017,6,14,8.8,0.6,0.8,0.0,0.0
,2017,6,15,0.5,0.5,0.7,0.2,0.0
,2017,6,16,0.5,8.7,0.0,0.0,0.0
,2017,6,17,0.5,0.0,0.3,0.0,0.0
,2017,6,18,0.5,0.4,0.0,0.0,0.0
,2017,6,19,0.5,4.4,0.0,0.0,0.0
,2017,6,20,0.5,0.2,0.6,0.0,0.0
,2017,6,21,0.5,0.0,3.2,0.0,0.0
,2017,6,22,0.5,0.0,4.2,1.2,0.0
,2017,6,23,0.5,1.6,3.8,0.0,0.0
,2017,6,24,0.5,0.0,0.2,0.0,0.0
,2017,6,25,0.2,0.0,0.8,0.0,0.0
,2017,6,26,0.5,0.0,0.3,0.2,0.0
,2017,6,27,0.5,0.0,0.0,0.0,0.0
,2017,6,28,0.5,0.0,3.2,0.0,0.0
,2017,6,29,0.5,48.2,0.8,0.0,0.0
,2017,6,30,0.5,32.1,0.6,0.0,0.0
,2017,7,1,5.6,0.0,9.3,0.0,0.0
,2017,7,2,12.6,0.0,15.8,45.0,12.6
,2017,7,3,0.6,0.0,0.1,13.0,0.0
,2017,7,4,0.5,0.0,0.0,1.4,0.0
,2017,7,5,0.5,0.0,10.4,0.0,0.0
,2017,7,6,0.5,0.0,0.1,0.0,0.0
,2017,7,7,0.5,1.0,0.0,0.0,0.0
,2017,7,8,0.5,0.6,0.0,0.0,0.0
,2017,7,9,0.5,4.8,0.0,0.0,0.0
,2017,7,10,0.5,0.0,0.0,0.0,0.0
,2017,7,11,0.5,0.0,0.0,0.0,0.0
,2017,7,12,0.5,30.6,0.0,0.0,0.0
,2017,7,13,0.5,0.0,0.0,0.4,0.0
,2017,7,14,0.5,0.0,0.0,0.0,0.0
,2017,7,15,0.5,0.0,0.0,0.0,0.0
,2017,7,16,0.5,0.0,0.0,0.0,0.0
,2017,7,17,0.5,0.0,0.0,0.0,0.0
,2017,7,18,0.5,2.4,2.0,0.0,0.0
,2017,7,19,10.6,4.0,2.2,2.0,0.0
,2017,7,20,0.5,0.0,0.0,1.4,0.0
,2017,7,21,0.5,0.0,0.0,0.0,0.0
,2017,7,22,0.5,0.0,0.0,0.0,0.0
,2017,7,23,0.5,0.0,0.0,0.0,0.0
,2017,7,24,0.5,0.0,0.0,0.0,0.0
,2017,7,25,0.5,0.0,0.0,0.0,0.0
,2017,7,26,0.5,0.0,0.0,0.0,0.0
,2017,7,27,0.5,5.4,0.0,0.0,0.0
,2017,7,28,0.5,5.4,5.699999999999999,0.0,0.0
,2017,7,29,0.5,5.4,0.0,0.0,0.0
,2017,7,30,0.5,32.4,0.0,1.2,1.0
,2017,7,31,0.5,0.0,0.0,0.0,0.0
,2017,8,1,1.3,1.8,0.0,0.0,0.0
,2017,8,2,1.3,0.0,0.0,0.0,0.0
,2017,8,3,1.3,0.0,0.0,0.0,0.0
,2017,8,4,1.3,5.1,0.0,0.0,2.0
,2017,8,5,1.3,0.0,0.0,0.0,0.0
,2017,8,6,1.3,0.0,0.0,0.0,0.0
,2017,8,7,1.3,0.0,0.0,0.0,0.0
,2017,8,8,1.3,0.0,0.0,0.0,0.0
,2017,8,9,0.1,0.0,3.5,0.0,0.0
,2017,8,10,1.4,0.0,0.0,0.0,0.0
,2017,8,11,1.3,0.0,19.3,0.0,0.0
,2017,8,12,1.3,1.0,0.3,0.0,0.0
,2017,8,13,1.3,0.0,0.4,0.0,0.0
,2017,8,14,1.3,18.7,0.6000000000000001,0.0,0.0
,2017,8,15,1.3,0.3,0.3,0.0,0.0
,2017,8,16,1.2,0.0,0.0,0.0,0.0
,2017,8,17,2.6,0.0,1.4,0.0,0.0
,2017,8,18,41.0,16.5,14.4,7.600000000000001,6.8
,2017,8,19,4.4,16.5,11.5,0.2,0.0
,2017,8,20,1.3,0.0,0.3,0.0,0.0
,2017,8,21,1.3,28.3,0.1,0.0,0.0
,2017,8,22,1.3,6.2,0.0,8.2,0.8
,2017,8,23,1.3,0.0,0.0,0.0,0.0
,2017,8,24,1.3,0.0,4.2,0.0,0.0
,2017,8,25,19.2,0.0,17.4,0.6,0.0
,2017,8,26,1.3,0.0,0.0,0.0,0.0
,2017,8,27,1.3,8.0,0.0,0.0,0.0
,2017,8,28,1.3,6.2,2.0,0.0,0.0
,2017,8,29,5.8,0.0,0.3,6.8,1.2
,2017,8,30,3.0,0.0,9.1,0.0,0.6
,2017,8,31,1.3,0.0,0.2,6.8,0.4
,2017,9,1,0.6,0.0,0.0,0.0,0.0
,2017,9,2,0.6,0.0,0.0,0.0,0.0
,2017,9,3,0.6,0.0,0.0,0.0,0.0
,2017,9,4,0.6,0.0,0.0,0.0,0.0
,2017,9,5,0.6,0.0,0.0,0.8,0.6
,2017,9,6,0.6,0.0,0.0,13.4,0.0
,2017,9,7,0.6,0.0,0.0,0.0,0.0
,2017,9,8,0.6,25.5,5.2,1.4,1.8
,2017,9,9,0.6,16.2,1.6,1.8,3.4
,2017,9,10,0.6,0.0,1.2,0.0,1.2
,2017,9,11,5.8,0.0,5.8,0.0,0.0
,2017,9,12,1.5,0.0,2.5,11.2,1.8
,2017,9,13,11.0,2.4,3.1,0.8,0.2
,2017,9,14,3.4,0.0,1.4,0.0,0.0
,2017,9,15,0.6,1.8,0.6,7.8,1.8
,2017,9,16,9.4,1.2,6.4,37.0,11.4
,2017,9,17,0.2,0.2,2.6,8.2,6.0
,2017,9,18,0.6,0.0,0.0,1.2,4.0
,2017,9,19,0.6,0.0,0.0,0.0,0.0
,2017,9,20,0.6,0.0,0.0,0.6,0.0
,2017,9,21,0.6,0.0,0.0,0.0,0.0
,2017,9,22,0.6,0.0,0.0,0.0,0.0
,2017,9,23,0.6,0.1,0.0,0.0,0.0
,2017,9,24,0.6,4.9,0.0,18.2,1.2
,2017,9,25,0.6,1.6,0.0,10.2,5.800000000000001
,2017,9,26,0.6,0.0,2.0,0.0,0.0
,2017,9,27,1.1,1.0,1.0,4.4,1.6
,2017,9,28,0.6,0.4,0.0,15.0,12.6
,2017,9,29,2.0,9.4,1.6,3.2,0.2
,2017,9,30,0.6,3.4,0.0,2.4,0.0
,2017,10,1,0.0,0.0,0.0,0.0,0.0
,2017,10,2,0.0,0.3,0.0,0.0,0.0
,2017,10,3,0.0,21.2,0.2,0.0,0.0
,2017,10,4,0.0,0.4,0.2,1.0,0.0
,2017,10,5,0.0,0.0,6.8,3.2,0.0
,2017,10,6,0.0,0.0,1.0,12.2,1.2
,2017,10,7,0.0,0.0,5.1,8.2,3.4
,2017,10,8,0.0,7.199999999999999,11.2,22.4,9.4
,2017,10,9,0.0,0.0,0.0,10.8,2.2
,2017,10,10,0.0,0.0,0.0,0.0,1.0
,2017,10,11,0.0,0.0,0.0,2.6,1.2
,2017,10,12,0.0,0.0,0.0,0.0,0.0
,2017,10,13,0.0,0.0,2.0,5.6,5.0
,2017,10,14,0.0,21.3,0.0,2.6,2.0
,2017,10,15,0.0,15.7,31.9,9.399999999999999,7.4
,2017,10,16,0.0,0.0,5.3,14.0,6.0
,2017,10,17,0.0,0.0,0.0,2.6,6.2
,2017,10,18,0.0,0.0,0.0,0.0,0.0
,2017,10,19,0.0,0.0,0.0,1.6,2.2
,2017,10,20,0.0,0.0,0.0,0.0,0.0
,2017,10,21,0.0,0.0,0.0,1.0,6.0
,2017,10,22,0.0,0.0,0.0,0.0,0.0
,2017,10,23,0.0,18.6,0.0,0.0,0.0
,2017,10,24,0.0,0.0,0.0,4.8,12.0
,2017,10,25,0.0,0.0,4.4,0.0,0.0
,2017,10,26,0.0,0.0,0.8,0.0,1.0
,2017,10,27,0.0,0.0,0.0,0.0,0.0
,2017,10,28,0.0,0.0,16.0,0.0,0.0
,2017,10,29,0.0,41.8,15.6,2.4,0.0
,2017,10,30,0.0,83.0,18.1,7.2,3.2
,2017,10,31,0.0,30.2,3.5,0.2,0.0
,2017,11,1,0.0,17.1,2.7,0.0,0.0
,2017,11,2,0.0,71.8,25.5,0.0,0.0
,2017,11,3,0.0,0.0,5.0,0.0,1.4
,2017,11,4,0.0,0.1,1.7,0.0,2.8
,2017,11,5,0.0,39.9,1.4,0.0,4.4
,2017,11,6,0.0,8.0,3.4,0.0,0.0
,2017,11,7,0.0,6.2,2.0,0.0,0.0
,2017,11,8,0.0,21.3,0.0,0.0,0.0
,2017,11,9,0.0,66.4,92.0,0.0,0.0
,2017,11,10,0.0,0.1,5.4,3.4,0.0
,2017,11,11,0.0,7.2,4.300000000000001,13.3,0.0
,2017,11,12,0.0,97.60000000000001,22.0,6.6,1.4
,2017,11,13,0.0,18.3,4.6,4.2,2.1
,2017,11,14,0.0,0.0,0.0,0.0,6.1
,2017,11,15,0.0,0.1,2.0,4.2,7.8
,2017,11,16,0.0,2.5,0.0,0.4,0.0
,2017,11,17,0.0,24.1,5.0,9.8,11.4
,2017,11,18,0.0,0.0,8.0,2.0,6.0
,2017,11,19,0.0,9.1,15.0,0.8,0.0
,2017,11,20,0.0,18.3,15.0,1.0,0.0
,2017,11,21,0.0,0.0,0.0,0.0,0.0
,2017,11,22,0.0,0.0,3.0,1.6,0.0
,2017,11,23,0.0,52.5,5.0,0.0,0.0
,2017,11,24,0.0,12.5,0.0,0.0,0.0
,2017,11,25,0.0,9.2,8.0,0.0,0.0
,2017,11,26,0.0,18.3,6.0,22.0,0.0
,2017,11,27,0.0,0.0,4.0,8.0,0.0
,2017,11,28,0.0,29.8,19.0,12.0,7.2
,2017,11,29,0.0,24.0,21.0,10.0,0.0
,2017,11,30,0.0,0.0,0.0,0.0,0.8
,2017,12,31,0.0,0.0,12.0,1.4,13.6
,2017,12,31,0.0,14.1,0.0,2.0,2.4
,2017,12,31,0.0,21.8,10.0,5.6,0.0
,2017,12,31,0.0,0.0,0.0,0.0,0.0
,2017,12,31,0.0,2.2,0.0,4.0,0.0
,2017,12,31,0.0,0.0,0.0,0.8,2.2
,2017,12,31,0.0,0.0,0.0,0.0,0.0
,2017,12,31,0.0,0.0,5.0,1.0,0.6
,2017,12,31,0.0,7.0,0.0,0.0,0.0
,2017,12,31,0.0,18.0,25.0,0.0,3.0
,2017,12,31,0.0,44.40000000000001,25.0,0.0,0.0
,2017,12,31,0.0,4.0,0.0,8.0,0.0
,2017,12,31,0.0,10.1,1.0,5.0,4.0
,2017,12,31,0.0,0.0,0.0,0.2,0.0
,2017,12,31,0.0,99.9,25.0,22.8,8.4
,2017,12,31,0.0,0.2,1.0,0.0,0.0
,2017,12,31,0.0,0.0,38.0,16.0,17.2
,2017,12,31,0.0,16.4,5.0,17.2,5.6
,2017,12,31,0.0,74.0,4.0,4.8,8.2
,2017,12,31,0.0,4.600000000000001,0.4,1.6,1.4
,2017,12,31,0.0,0.0,0.4,0.8,0.0
,2017,12,31,0.0,0.4,10.4,2.0,8.0
,2017,12,31,0.0,9.4,0.0,4.0,1.2
,2017,12,31,0.0,2.2,0.1,0.0,0.0
,2017,12,31,0.0,24.4,18.0,7.4,11.0
,2017,12,31,0.0,21.8,4.2,5.6,0.0
,2017,12,31,0.0,194.4,24.0,12.0,6.0
,2017,12,31,0.0,15.3,17.0,16.4,9.8
,2017,12,31,0.0,106.4,14.0,10.0,6.0
,2017,12,31,0.0,4.2,6.0,12.0,8.0
,2017,12,31,0.0,9.399999999999999,11.0,24.0,20.0
,2018,1,1,15.8,23.2,4.0,14.0,8.0
,2018,1,2,9.600000000000001,14.4,2.3,24.0,14.0
,2018,1,3,0.8,20.6,8.9,34.0,22.0
,2018,1,4,30.0,14.0,35.4,24.0,27.0
,2018,1,5,22.4,11.2,40.7,9.2,9.2
,2018,1,6,5.9,4.0,4.2,4.0,6.0
,2018,1,7,23.2,7.6,52.40000000000001,20.0,12.4
,2018,1,8,29.7,23.5,25.0,40.0,13.0
,2018,1,9,9.6,45.8,35.4,30.0,9.8
,2018,1,10,25.4,12.0,28.0,22.0,8.6
,2018,1,11,11.0,13.2,41.0,22.0,10.0
,2018,1,12,11.6,31.6,10.0,18.0,5.8
,2018,1,13,0.2,1.2,7.0,19.0,9.2
,2018,1,14,0.1,15.2,2.0,1.0,2.2
,2018,1,15,4.8,42.2,13.0,3.2,2.8
,2018,1,16,28.0,62.59999999999999,22.0,14.2,10.0
,2018,1,17,0.3,0.0,1.0,7.600000000000001,1.8
,2018,1,18,19.3,4.7,11.0,20.0,3.4
,2018,1,19,1.6,31.4,10.0,24.0,7.6
,2018,1,20,35.8,4.4,37.0,34.0,23.4
,2018,1,21,10.9,4.600000000000001,15.0,10.6,2.2
,2018,1,22,14.6,2.2,18.0,32.0,15.0
,2018,1,23,1.0,0.4,0.0,30.6,12.4
,2018,1,24,17.4,0.0,1.0,2.8,2.2
,2018,1,25,5.9,4.0,2.0,8.0,0.0
,2018,1,26,28.4,45.4,21.0,0.0,0.0
,2018,1,27,5.9,0.5,0.0,0.0,0.0
,2018,1,28,5.9,0.0,0.0,0.0,0.0
,2018,1,29,13.8,0.0,2.0,0.0,0.0
,2018,1,30,1.9,21.2,3.0,0.0,0.0
,2018,1,31,5.9,62.40000000000001,0.0,0.0,0.0
,2018,2,1,3.7,0.6000000000000001,3.0,0.0,0.0
,2018,2,2,0.2,35.8,5.2,0.0,0.0
,2018,2,3,3.7,24.0,0.0,0.0,0.0
,2018,2,4,0.2,34.6,20.0,0.0,0.0
,2018,2,5,2.1,10.6,0.0,9.3,21.8
,2018,2,6,9.2,1.4,1.0,14.8,17.6
,2018,2,7,4.0,84.0,16.2,4.0,7.0
,2018,2,8,2.8,24.2,12.6,2.2,6.0
,2018,2,9,3.8,85.8,6.2,32.0,13.0
,2018,2,10,2.8,24.2,12.6,4.2,1.2
,2018,2,11,0.8,24.4,3.0,8.6,13.4
,2018,2,12,3.7,23.0,8.8,0.0,0.0
,2018,2,13,1.6,1.0,4.1,6.4,8.6
,2018,2,14,0.4,3.2,0.0,16.8,19.6
,2018,2,15,3.7,32.8,0.0,7.4,13.0
,2018,2,16,14.8,20.0,20.3,58.0,28.8
,2018,2,17,13.0,0.8,15.0,8.4,4.4
,2018,2,18,39.8,13.0,5.5,10.4,8.0
,2018,2,19,19.0,2.6,25.3,22.8,14.2
,2018,2,20,0.2,22.8,0.0,0.0,0.0
,2018,2,21,3.7,12.8,0.0,20.0,0.6
,2018,2,22,14.0,18.0,19.3,2.0,9.8
,2018,2,23,36.0,13.0,31.0,36.0,19.0
,2018,2,24,10.8,0.3,2.5,20.0,18.4
,2018,2,25,3.8,0.0,2.3,24.0,7.6
,2018,2,26,18.2,13.6,16.3,34.2,5.800000000000001
,2018,2,27,7.399999999999999,8.6,10.0,11.6,13.4
,2018,2,28,4.6,0.4,15.3,6.2,0.2
,2018,3,1,3.6,25.8,5.0,8.6,2.4
,2018,3,2,8.4,11.2,6.4,26.6,2.4
,2018,3,3,9.6,70.2,11.0,32.2,5.0
,2018,3,4,6.6,0.0,3.0,18.2,6.6
,2018,3,5,19.0,55.0,78.0,18.2,4.2
,2018,3,6,9.9,19.8,14.2,18.0,5.4
,2018,3,7,28.9,0.0,6.6,20.0,17.4
,2018,3,8,9.2,0.0,11.0,22.0,1.6
,2018,3,9,5.6,0.4,0.0,1.0,0.4
,2018,3,10,12.3,5.6,11.4,2.8,1.6
,2018,3,11,8.0,34.0,14.9,15.2,13.8
,2018,3,12,1.8,1.0,1.2,9.6,6.8
,2018,3,13,3.0,5.6,5.4,23.0,32.4
,2018,3,14,28.2,0.0,3.2,4.0,12.8
,2018,3,15,4.899999999999999,7.0,10.2,5.0,1.2
,2018,3,16,4.7,5.6,7.2,1.0,1.0
,2018,3,17,23.4,21.8,130.0,15.0,15.0
,2018,3,18,35.4,0.0,3.1,4.0,9.4
,2018,3,19,4.6,0.0,32.3,15.0,34.0
,2018,3,20,22.6,16.8,6.2,12.0,10.6
,2018,3,21,4.800000000000001,25.2,12.5,10.0,3.6
,2018,3,22,9.1,29.8,29.5,3.0,7.6
,2018,3,23,5.6,0.0,0.0,2.0,8.8
,2018,3,24,5.9,0.0,6.8,6.0,6.0
,2018,3,25,49.0,35.4,40.4,6.8,2.2
,2018,3,26,13.7,32.0,44.7,23.6,17.4
,2018,3,27,5.6,7.5,0.0,3.2,1.6
,2018,3,28,5.6,0.0,0.0,0.0,1.0
,2018,3,29,0.2,5.4,2.3,1.0,2.2
,2018,3,30,2.0,0.1,1.0,0.2,0.4
,2018,3,31,18.2,1.0,23.2,8.6,3.6
,2018,4,1,0.8,59.3,2.8,0.0,0.0
,2018,4,2,6.0,1.2,3.6,2.0,0.0
,2018,4,3,1.6,1.0,3.4,1.0,1.0
,2018,4,4,0.5,1.2,7.699999999999999,2.0,0.0
,2018,4,5,1.6,1.3,0.0,0.0,0.0
,2018,4,6,4.600000000000001,31.0,83.2,30.0,14.6
,2018,4,7,0.5,20.8,6.1,0.2,0.0
,2018,4,8,1.6,6.5,1.1,12.0,10.8
,2018,4,9,0.4,5.3,4.8,2.4,4.6
,2018,4,10,0.2,10.0,2.8,10.0,6.8
,2018,4,11,1.6,0.1,1.2,0.0,0.0
,2018,4,12,0.6,3.0,0.1,0.0,0.0
,2018,4,13,1.6,5.5,4.1,0.0,0.0
,2018,4,14,15.4,17.2,19.0,27.0,0.0
,2018,4,15,1.6,0.0,4.8,0.0,0.0
,2018,4,16,9.3,0.0,2.6,0.0,0.0
,2018,4,17,9.2,0.0,1.9,0.0,0.0
,2018,4,18,0.8,0.0,10.2,0.4,0.0
,2018,4,19,1.6,0.0,0.4,0.2,0.0
,2018,4,20,1.6,2.4,7.4,2.0,0.0
,2018,4,21,0.2,0.0,4.699999999999999,4.0,6.0
,2018,4,22,0.2,0.0,10.7,0.0,0.0
,2018,4,23,0.8,0.0,17.4,2.0,0.0
,2018,4,24,1.6,2.8,1.0,0.0,0.0
,2018,4,25,5.8,1.0,5.1,6.0,10.6
,2018,4,26,13.9,1.6,13.5,9.2,6.8
,2018,4,27,0.6,2.0,4.2,1.4,1.0
,2018,4,28,4.7,1.4,11.8,1.0,1.2
,2018,4,29,14.6,0.0,16.8,5.4,3.6
,2018,4,30,5.6,0.6,8.9,2.4,2.2
,2018,5,1,0.4,11.2,6.0,6.8,5.2
,2018,5,2,1.1,10.8,3.6,0.0,1.0
,2018,5,3,5.8,0.0,5.2,0.0,0.0
,2018,5,4,48.0,12.8,5.2,0.4,0.0
,2018,5,5,3.8,2.2,15.6,1.0,0.0
,2018,5,6,1.1,0.0,0.0,0.0,0.0
,2018,5,7,1.1,9.8,18.1,2.0,4.4
,2018,5,8,1.1,0.0,1.3,0.0,0.0
,2018,5,9,1.1,0.0,1.2,0.0,0.0
,2018,5,10,1.1,12.0,0.0,1.0,0.0
,2018,5,11,1.0,56.8,8.6,0.0,0.0
,2018,5,12,3.2,33.2,5.6,3.2,2.2
,2018,5,13,1.1,0.4,0.0,4.6,2.8
,2018,5,14,1.1,0.0,2.3,0.0,0.0
,2018,5,15,1.1,67.6,4.8,0.0,0.0
,2018,5,16,1.1,23.2,2.5,0.0,0.0
,2018,5,17,0.8,13.8,4.8,0.0,0.0
,2018,5,18,1.1,0.2,1.0,0.0,0.0
,2018,5,19,1.0,15.4,0.4,0.0,0.0
,2018,5,20,0.6,0.8,0.0,0.0,0.0
,2018,5,21,1.1,0.2,0.2,0.0,0.0
,2018,5,22,1.1,0.0,0.0,0.0,0.0
,2018,5,23,1.1,0.0,2.2,0.0,0.0
,2018,5,24,1.1,0.0,0.0,0.0,0.0
,2018,5,25,1.1,0.0,0.0,0.0,0.0
,2018,5,26,1.1,0.7,0.0,0.0,0.0
,2018,5,27,1.1,0.0,5.1,0.0,0.0
,2018,5,28,1.1,3.0,16.8,0.0,0.0
,2018,5,29,1.4,2.2,6.2,0.0,0.0
,2018,5,30,1.1,0.0,0.0,0.0,0.0
,2018,5,31,1.1,0.0,0.0,0.0,0.0
,2018,6,1,0.8,0.0,0.0,0.0,0.0
,2018,6,2,0.8,4.399999999999999,11.0,0.0,0.0
,2018,6,3,28.2,17.5,38.2,12.4,2.8
,2018,6,4,12.6,22.6,35.8,28.4,11.2
,2018,6,5,0.8,0.0,1.0,2.2,2.6
,2018,6,6,0.8,0.4,0.0,0.0,0.0
,2018,6,7,0.8,0.7,1.0,0.0,0.0
,2018,6,8,0.8,1.3,2.4,0.0,0.0
,2018,6,9,0.8,0.0,0.0,0.0,0.0
,2018,6,10,0.4,0.4,0.0,2.8,0.0
,2018,6,11,1.8,0.0,1.4,0.2,0.2
,2018,6,12,1.6,7.2,5.0,4.0,0.6
,2018,6,13,0.4,0.1,1.0,0.0,0.0
,2018,6,14,0.2,0.0,3.6,0.0,0.0
,2018,6,15,0.8,0.0,0.0,37.4,3.4
,2018,6,16,0.4,0.7,0.0,0.8,0.0
,2018,6,17,0.2,0.0,1.2,4.0,1.4
,2018,6,18,0.8,0.0,0.0,0.0,0.0
,2018,6,19,0.8,0.0,0.0,0.0,0.0
,2018,6,20,0.8,1.0,1.4,0.0,0.0
,2018,6,21,0.8,0.0,0.0,0.0,0.0
,2018,6,22,0.8,0.0,0.0,0.0,0.0
,2018,6,23,0.8,0.0,0.0,0.0,0.0
,2018,6,24,0.8,0.0,0.0,0.0,0.0
,2018,6,25,0.8,0.0,0.0,0.0,0.0
,2018,6,26,0.8,0.0,0.0,0.0,0.0
,2018,6,27,0.8,10.0,0.0,0.0,0.0
,2018,6,28,0.8,0.2,3.0,0.0,0.0
,2018,6,29,0.8,0.0,0.0,0.0,0.0
,2018,6,30,0.8,0.0,0.0,0.0,0.0
,2018,7,1,0.4,0.0,0.0,0.0,0.0
,2018,7,2,0.4,0.0,0.0,0.0,0.0
,2018,7,3,0.4,0.0,0.0,0.0,0.0
,2018,7,4,0.4,0.0,0.0,0.0,0.0
,2018,7,5,0.4,0.0,0.0,0.0,0.0
,2018,7,6,0.4,0.0,0.0,0.0,0.0
,2018,7,7,0.4,0.0,0.0,0.0,0.0
,2018,7,8,0.4,0.0,0.0,0.0,0.0
,2018,7,9,0.4,7.3,0.0,0.0,0.0
,2018,7,10,2.8,1.3,4.8,2.0,0.0
,2018,7,11,0.4,0.0,0.0,5.6,5.8
,2018,7,12,0.4,0.0,0.0,0.0,0.0
,2018,7,13,0.4,0.0,0.6,6.0,5.2
,2018,7,14,0.4,0.0,0.2,0.4,0.8
,2018,7,15,0.4,0.0,0.0,0.0,0.0
,2018,7,16,0.4,0.0,0.0,0.0,0.0
,2018,7,17,6.0,0.0,11.8,0.0,0.0
,2018,7,18,0.4,0.1,2.2,0.0,0.0
,2018,7,19,2.8,6.3,6.800000000000001,5.2,5.8
,2018,7,20,0.2,0.0,1.0,2.6,2.0
,2018,7,21,7.1,9.2,13.4,8.2,7.6
,2018,7,22,6.4,32.1,9.2,20.2,7.199999999999999
,2018,7,23,0.4,0.0,0.0,2.0,0.0
,2018,7,24,0.4,0.1,0.0,0.0,2.2
,2018,7,25,0.4,0.0,0.0,0.0,0.0
,2018,7,26,0.4,0.0,0.0,0.0,0.0
,2018,7,27,0.4,0.0,0.0,0.0,0.0
,2018,7,28,0.4,0.0,0.0,0.0,0.0
,2018,7,29,0.4,0.0,0.0,0.0,0.0
,2018,7,30,0.4,0.0,0.0,0.0,0.0
,2018,7,31,0.4,0.0,0.0,0.0,0.0
,2018,8,1,2.7,0.3,0.0,0.0,0.0
,2018,8,2,19.4,50.1,0.0,0.0,0.0
,2018,8,3,1.6,0.0,1.8,0.0,0.0
,2018,8,4,1.6,0.0,7.8,2.6,2.0
,2018,8,5,6.6,0.0,3.1,0.0,0.0
,2018,8,6,19.0,19.2,15.8,5.0,0.0
,2018,8,7,13.1,9.8,18.6,18.8,16.8
,2018,8,8,1.6,0.0,0.0,2.0,0.0
,2018,8,9,3.0,0.0,35.2,10.0,7.2
,2018,8,10,1.6,0.0,0.0,2.0,0.0
,2018,8,11,1.6,0.0,0.0,0.0,0.0
,2018,8,12,1.6,0.0,0.0,0.0,0.0
,2018,8,13,1.6,0.0,0.0,0.0,0.0
,2018,8,14,1.6,0.0,0.0,0.0,0.0
,2018,8,15,1.6,0.0,0.0,0.0,0.0
,2018,8,16,1.6,0.0,0.0,2.0,0.0
,2018,8,17,4.6,0.0,0.0,2.5,0.0
,2018,8,18,1.6,0.0,0.0,0.0,0.0
,2018,8,19,1.6,0.0,6.0,0.0,0.0
,2018,8,20,2.4,0.0,5.8,1.6,1.6
,2018,8,21,6.0,2.5,4.0,2.2,0.4
,2018,8,22,0.2,0.0,4.0,8.1,7.4
,2018,8,23,1.6,0.0,1.8,4.2,1.2
,2018,8,24,0.6,0.0,0.0,0.4,0.0
,2018,8,25,1.6,0.0,3.4,0.0,0.0
,2018,8,26,20.2,0.0,17.0,0.0,0.0
,2018,8,27,1.6,0.0,0.0,0.0,0.0
,2018,8,28,1.6,0.0,0.0,0.0,0.0
,2018,8,29,1.6,0.0,0.0,0.0,0.0
,2018,8,30,1.6,0.0,0.0,0.0,0.0
,2018,8,31,1.6,0.0,0.0,0.0,0.0
,2018,9,1,0.1,0.0,0.0,0.0,0.0
,2018,9,2,0.1,0.0,0.0,0.0,0.0
,2018,9,3,0.1,8.2,0.0,0.0,0.0
,2018,9,4,0.1,0.0,0.0,0.0,0.0
,2018,9,5,0.1,0.0,0.0,0.0,0.0
,2018,9,6,0.1,0.0,0.0,0.0,0.0
,2018,9,7,0.1,0.0,0.0,0.0,0.0
,2018,9,8,0.1,0.0,0.0,0.0,0.0
,2018,9,9,0.1,0.0,0.0,0.0,0.0
,2018,9,10,0.1,0.0,0.0,0.0,0.0
,2018,9,11,0.1,0.0,4.0,0.0,2.0
,2018,9,12,0.1,0.0,0.0,2.0,2.0
,2018,9,13,0.1,0.0,0.0,0.0,0.0
,2018,9,14,0.1,0.0,0.0,0.0,0.0
,2018,9,15,0.1,0.0,0.0,0.0,0.0
,2018,9,16,0.1,15.2,2.4,2.0,0.0
,2018,9,17,0.8,15.2,5.0,0.0,0.0
,2018,9,18,0.1,0.0,2.4,0.0,0.0
,2018,9,19,0.1,0.0,0.0,0.0,0.0
,2018,9,20,0.1,0.2,0.0,0.0,0.0
,2018,9,21,0.1,23.2,0.0,0.8,0.0
,2018,9,22,0.1,0.0,0.8,0.0,0.0
,2018,9,23,0.1,0.0,2.0,1.4,0.0
,2018,9,24,0.1,0.0,0.0,0.0,0.0
,2018,9,25,0.1,0.0,10.2,0.0,0.0
,2018,9,26,0.1,0.0,0.0,0.0,0.0
,2018,9,27,0.1,0.0,0.0,0.0,0.0
,2018,9,28,0.1,0.0,0.0,0.0,0.0
,2018,9,29,0.1,0.0,0.0,0.0,0.0
,2018,9,30,3.0,5.4,0.0,0.0,0.0
,2018,10,1,7.6,0.0,2.8,0.0,0.0
,2018,10,2,3.9,5.0,0.0,1.0,0.0
,2018,10,3,1.6,0.0,3.0,9.0,4.2
,2018,10,4,3.9,21.6,0.0,0.0,0.0
,2018,10,5,18.4,16.4,10.8,0.0,0.0
,2018,10,6,15.0,6.8,0.0,16.0,11.2
,2018,10,7,3.9,2.8,0.0,6.800000000000001,4.8
,2018,10,8,2.0,0.0,0.0,0.0,0.0
,2018,10,9,19.8,0.6,20.4,0.0,0.0
,2018,10,10,6.8,6.5,6.8,0.0,0.0
,2018,10,11,3.9,22.4,0.0,6.6,0.0
,2018,10,12,23.2,0.0,69.2,2.0,0.0
,2018,10,13,11.0,6.6,13.2,8.6,4.6
,2018,10,14,10.4,4.2,1.8,0.0,0.0
,2018,10,15,28.8,48.0,24.2,4.8,6.6
,2018,10,16,0.8,1.6,0.0,8.4,6.6
,2018,10,17,1.2,0.0,0.2,4.2,8.2
,2018,10,18,3.9,8.4,0.4,0.0,0.0
,2018,10,19,0.4,15.2,3.2,4.0,5.4
,2018,10,20,12.7,0.6,1.2,2.6,2.0
,2018,10,21,5.0,5.4,5.5,0.0,0.0
,2018,10,22,0.2,0.0,0.0,6.6,2.0
,2018,10,23,3.9,11.0,0.0,2.0,0.0
,2018,10,24,8.1,100.6,13.8,4.8,2.86
,2018,10,25,4.5,50.2,4.8,2.6,0.0
,2018,10,26,19.8,6.2,0.6000000000000001,18.6,10.6
,2018,10,27,22.0,20.0,14.4,28.8,16.2
,2018,10,28,3.9,0.2,14.8,4.0,0.0
,2018,10,29,0.6,0.0,26.4,4.0,2.6
,2018,10,30,2.0,0.0,3.5,2.0,0.0
,2018,10,31,18.0,0.0,13.2,0.0,4.0
,2018,11,1,12.7,0.0,16.2,8.5,3.0
,2018,11,2,2.2,0.0,0.0,7.6,6.0
,2018,11,3,1.0,0.0,22.4,2.5,1.0
,2018,11,4,0.6,20.2,2.4,1.0,0.0
,2018,11,5,4.600000000000001,94.2,46.4,1.4,4.600000000000001
,2018,11,6,13.6,17.2,14.4,0.0,0.0
,2018,11,7,1.2,9.3,2.0,4.0,0.0
,2018,11,8,1.4,9.3,1.0,18.6,16.2
,2018,11,9,1.6,0.0,3.8,7.2,5.0
,2018,11,10,0.2,0.0,3.0,0.0,0.0
,2018,11,11,14.2,58.8,12.8,1.0,0.0
,2018,11,12,0.2,16.4,3.8,1.8,0.0
,2018,11,13,0.2,33.4,2.0,0.0,0.0
,2018,11,14,4.5,33.4,6.8,2.4,2.0
,2018,11,15,4.600000000000001,2.0,31.2,0.0,0.0
,2018,11,16,8.0,83.4,6.399999999999999,3.8,2.6
,2018,11,17,0.6,4.0,1.2,0.0,0.0
,2018,11,18,1.6,5.0,11.8,0.0,0.0
,2018,11,19,1.0,3.5,2.6,0.0,0.0
,2018,11,20,0.0,37.5,0.2,0.0,0.0
,2018,11,21,6.8,15.9,1.0,0.0,0.0
,2018,11,22,15.9,16.5,8.0,0.0,0.0
,2018,11,23,6.1,14.8,16.0,0.0,0.0
,2018,11,24,2.6,16.0,2.4,0.0,0.0
,2018,11,25,15.9,18.4,53.4,2.6,2.2
,2018,11,26,17.0,10.2,16.4,4.0,4.6
,2018,11,27,18.3,7.5,16.6,0.0,0.0
,2018,11,28,2.0,7.5,2.6,0.0,0.0
,2018,11,29,2.0,180.0,9.200000000000001,2.0,0.0
,2018,11,30,0.1,4.2,0.0,0.0,0.0
,2018,12,1,2.6,84.2,10.0,0.0,0.0
,2018,12,2,0.4,32.2,0.0,0.0,0.0
,2018,12,3,1.0,22.0,21.2,6.8,4.6
,2018,12,4,0.2,5.1,0.0,0.0,0.0
,2018,12,5,3.2,0.0,0.0,0.0,0.0
,2018,12,6,3.2,56.2,0.0,2.0,0.0
,2018,12,7,38.3,93.7,30.8,0.0,0.0
,2018,12,8,10.0,48.6,20.3,24.0,16.0
,2018,12,9,0.4,0.2,0.0,0.0,0.0
,2018,12,10,3.2,10.2,0.0,0.0,0.0
,2018,12,11,3.2,13.4,0.0,0.0,0.0
,2018,12,12,3.2,24.3,1.2,18.0,9.0
,2018,12,13,3.2,0.0,0.0,0.0,0.0
,2018,12,14,3.2,25.5,0.0,4.0,0.0
,2018,12,15,39.6,57.0,19.6,12.0,4.0
,2018,12,16,10.2,78.9,8.6,2.0,0.0
,2018,12,17,3.2,31.6,1.0,12.0,2.0
,2018,12,18,13.4,122.0,32.6,6.0,0.0
,2018,12,19,3.0,16.0,21.4,4.0,2.4
,2018,12,20,39.2,24.0,42.8,8.4,3.0
,2018,12,21,1.8,11.1,2.2,0.0,0.0
,2018,12,22,3.3,0.0,12.4,2.0,0.0
,2018,12,23,1.3,26.8,4.2,0.0,0.0
,2018,12,24,0.8,5.2,9.2,0.0,0.0
,2018,12,25,8.0,60.8,10.2,2.0,0.0
,2018,12,26,0.8,5.2,6.399999999999999,0.0,0.0
,2018,12,27,13.8,0.0,7.0,0.0,0.0
,2018,12,28,3.8,0.0,7.2,2.0,0.0
,2018,12,29,2.6,0.0,21.4,2.0,0.0
,2018,12,30,0.6000000000000001,0.0,2.8,0.0,0.0
,2018,12,31,4.3,0.0,6.0,0.0,0.0
,2019,1,1,6.600000000000001,0.0,10.0,6.2,0.0
,2019,1,2,0.0,0.0,16.0,4.8,2.2
,2019,1,3,1.0,39.4,0.6,0.0,0.0
,2019,1,4,8.9,41.5,14.2,0.0,0.0
,2019,1,5,6.2,10.8,14.7,10.2,4.6
,2019,1,6,0.0,3.8,1.1,0.0,0.0
,2019,1,7,5.0,57.8,24.2,6.6,4.0
,2019,1,8,12.6,16.4,3.8,2.0,0.0
,2019,1,9,4.0,5.8,8.2,2.6,0.0
,2019,1,10,12.6,39.0,12.6,22.4,20.0
,2019,1,11,17.2,141.2,12.6,6.2,2.4
,2019,1,12,10.0,2.4,9.200000000000001,18.6,10.2
,2019,1,13,1.1,1.2,10.6,10.2,6.2
,2019,1,14,0.0,41.0,0.0,6.6,2.0
,2019,1,15,1.4,0.0,11.2,2.0,0.0
,2019,1,16,27.2,2.0,17.2,16.6,6.8
,2019,1,17,5.7,8.2,12.0,4.2,2.0
,2019,1,18,21.4,16.8,26.0,12.6,8.2
,2019,1,19,3.4,2.0,4.0,4.6,2.8
,2019,1,20,0.0,2.4,0.0,4.2,2.0
,2019,1,21,13.1,46.0,3.8,22.6,12.6
,2019,1,22,11.2,0.8,10.8,0.0,0.0
,2019,1,23,19.2,43.4,17.2,0.0,0.0
,2019,1,24,12.2,3.6,10.8,0.0,0.0
,2019,1,25,21.8,40.2,22.2,0.0,0.0
,2019,1,26,18.0,0.0,20.6,10.0,8.0
,2019,1,27,0.0,0.0,2.2,0.0,0.0
,2019,1,28,1.8,0.0,2.0,18.0,2.0
,2019,1,29,6.4,0.0,4.2,14.0,9.4
,2019,1,30,0.0,17.5,1.0,10.0,5.4
,2019,1,31,20.6,23.6,11.2,14.0,4.2
,2019,2,1,4.2,9.7,7.8,10.0,14.0
,2019,2,2,0.0,36.2,4.4,0.0,0.0
,2019,2,3,21.4,21.8,18.0,20.6,12.8
,2019,2,4,42.2,9.6,29.0,39.4,33.0
,2019,2,5,13.9,20.4,25.0,6.2,2.0
,2019,2,6,15.0,39.6,14.0,2.6,4.0
,2019,2,7,18.2,23.4,26.0,14.0,9.0
,2019,2,8,2.4,10.6,3.0,2.4,2.8
,2019,2,9,9.6,2.0,20.0,4.0,1.8
,2019,2,10,13.4,0.0,31.0,4.6,3.2
,2019,2,11,0.8,13.1,18.0,0.0,0.0
,2019,2,12,24.0,10.2,34.0,18.2,17.3
,2019,2,13,0.2,2.5,0.0,4.0,0.0
,2019,2,14,0.4,2.8,0.0,0.0,1.2
,2019,2,15,4.0,19.3,44.0,8.4,7.2
,2019,2,16,4.3,41.4,11.0,6.100000000000001,5.8
,2019,2,17,27.4,26.6,37.0,13.7,14.6
,2019,2,18,9.2,86.8,40.5,14.0,20.0
,2019,2,19,2.1,6.4,6.0,3.2,5.6
,2019,2,20,74.4,2.2,5.0,12.6,9.8
,2019,2,21,7.5,16.0,40.0,16.4,10.2
,2019,2,22,0.0,0.4,3.5,0.0,0.0
,2019,2,23,25.0,20.4,24.5,26.4,18.4
,2019,2,24,33.6,0.4,90.0,0.0,0.0
,2019,2,25,1.9,26.0,7.5,18.0,5.0
,2019,2,26,2.4,11.4,4.5,4.0,2.0
,2019,2,27,30.8,120.3,15.0,2.0,0.0
,2019,2,28,71.2,38.2,52.5,2.2,0.0
,2019,3,1,1.2,14.1,2.5,6.8,4.0
,2019,3,2,0.1,4.0,0.0,2.2,0.0
,2019,3,3,0.0,0.0,0.0,0.0,0.0
,2019,3,4,19.8,0.0,16.2,0.0,0.0
,2019,3,5,8.0,2.0,22.4,0.0,0.0
,2019,3,6,20.6,17.0,11.0,16.2,10.0
,2019,3,7,0.8,14.3,6.2,17.2,16.8
,2019,3,8,0.0,0.0,0.0,4.2,3.2
,2019,3,9,20.2,0.0,57.3,34.2,23.4
,2019,3,10,3.2,2.4,2.0,0.0,0.0
,2019,3,11,0.0,3.6,2.0,18.0,15.2
,2019,3,12,0.2,0.2,0.0,2.0,0.0
,2019,3,13,1.6,30.7,4.0,8.0,2.1
,2019,3,14,17.0,7.600000000000001,63.3,3.8,2.0
,2019,3,15,10.8,20.4,38.0,4.6,0.6
,2019,3,16,7.0,0.2,15.4,4.6,0.0
,2019,3,17,0.8,2.4,8.0,8.2,4.6
,2019,3,18,37.8,0.0,13.0,10.0,2.0
,2019,3,19,13.0,6.4,17.2,15.0,17.0
,2019,3,20,19.4,56.40000000000001,42.2,10.0,8.0
,2019,3,21,6.2,35.4,7.600000000000001,27.0,3.0
,2019,3,22,6.0,22.6,15.0,0.0,2.0
,2019,3,23,9.0,62.2,15.3,6.0,0.0
,2019,3,24,28.8,1.4,22.4,10.0,4.0
,2019,3,25,7.5,43.2,9.3,12.0,2.0
,2019,3,26,19.3,33.6,13.6,2.0,0.0
,2019,3,27,3.1,21.8,12.0,16.0,8.0
,2019,3,28,3.2,0.2,4.1,26.2,12.5
,2019,3,29,5.2,9.4,6.2,6.2,4.0
,2019,3,30,0.0,8.9,0.0,2.0,0.0
,2019,3,31,0.0,2.2,0.0,0.0,0.0
,2019,4,1,0.0,76.4,5.4,2.0,0.0
,2019,4,2,0.0,5.2,3.3,6.2,0.0
,2019,4,3,0.0,11.4,6.3,0.0,0.0
,2019,4,4,0.0,55.0,18.1,2.6,0.0
,2019,4,5,0.0,9.2,2.0,0.0,0.0
,2019,4,6,0.0,35.3,0.0,0.0,0.0
,2019,4,7,0.0,1.0,0.0,8.6,4.2
,2019,4,8,0.0,0.0,0.0,4.6,2.0
,2019,4,9,0.0,0.0,0.0,0.0,0.0
,2019,4,10,0.0,0.0,0.0,0.0,0.0
,2019,4,11,0.0,0.0,0.0,0.0,0.0
,2019,4,12,0.0,63.3,0.0,0.0,0.0
,2019,4,13,0.0,14.1,0.0,2.2,0.0
,2019,4,14,0.0,0.0,0.0,0.0,0.0
,2019,4,15,0.0,0.0,0.0,2.2,0.0
,2019,4,16,0.0,8.6,10.1,0.0,0.0
,2019,4,17,0.0,6.8,6.2,0.0,0.0
,2019,4,18,0.0,0.0,0.0,0.0,0.0
,2019,4,19,0.0,0.0,8.2,0.0,0.0
,2019,4,20,0.0,7.0,103.4,16.6,10.2
,2019,4,21,0.0,0.0,8.4,0.0,0.0
,2019,4,22,0.0,25.2,5.1,0.0,0.0
,2019,4,23,0.0,18.0,0.0,0.0,0.0
,2019,4,24,0.0,16.6,29.5,0.0,0.0
,2019,4,25,0.0,2.5,0.0,2.0,0.0
,2019,4,26,0.0,5.2,0.0,0.0,0.0
,2019,4,27,0.0,0.0,0.0,0.0,0.0
,2019,4,28,0.0,10.2,3.6,0.0,0.0
,2019,4,29,0.0,7.0,63.5,0.0,0.0
,2019,4,30,0.0,0.0,0.0,0.0,0.0
,2019,5,1,5.1,17.4,3.2,0.0,0.0
,2019,5,2,0.0,26.2,0.0,0.0,0.0
,2019,5,3,0.0,0.0,0.0,0.0,0.0
,2019,5,4,0.0,0.0,0.0,0.0,0.0
,2019,5,5,28.2,11.2,7.2,6.0,2.0
,2019,5,6,0.4,1.0,0.3,0.0,0.0
,2019,5,7,0.0,0.0,0.7,0.0,0.0
,2019,5,8,0.0,5.6,15.0,0.0,0.0
,2019,5,9,0.0,0.3,15.8,2.0,0.0
,2019,5,10,0.0,2.4,6.0,0.0,0.0
,2019,5,11,0.0,0.6,8.0,0.0,0.0
,2019,5,12,11.7,0.0,105.0,13.0,6.0
,2019,5,13,1.5,17.0,11.0,3.0,0.0
,2019,5,14,5.2,5.6,0.0,14.0,8.0
,2019,5,15,0.4,0.0,0.0,23.0,17.0
,2019,5,16,0.2,0.0,8.0,2.0,0.0
,2019,5,17,0.0,0.0,0.5,0.0,0.0
,2019,5,18,0.0,0.0,0.0,0.0,0.0
,2019,5,19,0.0,0.0,0.0,0.0,0.0
,2019,5,20,0.0,17.5,0.3,0.0,0.0
,2019,5,21,0.0,8.4,0.0,0.0,0.0
,2019,5,22,0.6,0.0,0.4,0.0,0.0
,2019,5,23,0.8,0.0,2.0,0.0,0.0
,2019,5,24,10.0,37.6,12.2,0.0,0.0
,2019,5,25,0.0,0.9,1.5,0.0,0.0
,2019,5,26,0.0,0.0,1.4,0.0,0.0
,2019,5,27,0.0,0.0,0.4,0.0,0.0
,2019,5,28,0.0,0.0,1.1,0.0,0.0
,2019,5,29,0.0,0.0,0.4,0.0,0.0
,2019,5,30,0.0,0.0,0.2,0.0,0.0
,2019,5,31,0.0,0.0,0.0,0.0,0.0
,2019,6,1,1.0,9.8,1.4,0.0,0.0
,2019,6,2,4.9,2.5,0.0,0.0,0.0
,2019,6,3,8.0,28.0,0.0,0.0,0.0
,2019,6,4,0.6,0.4,3.1,0.0,0.0
,2019,6,5,0.0,0.0,0.3,0.0,0.0
,2019,6,6,0.0,2.4,0.0,0.0,0.0
,2019,6,7,0.0,0.0,3.0,0.0,0.0
,2019,6,8,0.0,0.0,0.0,0.0,0.0
,2019,6,9,0.0,0.0,0.0,0.0,0.0
,2019,6,10,0.0,0.0,0.0,2.0,0.0
,2019,6,11,0.0,0.0,0.0,0.6,0.0
,2019,6,12,0.0,0.0,0.0,0.0,0.0
,2019,6,13,0.0,0.0,0.0,0.0,0.0
,2019,6,14,0.0,0.0,0.0,0.0,0.0
,2019,6,15,0.0,25.0,15.0,0.0,0.0
,2019,6,16,34.4,52.4,2.0,0.0,0.0
,2019,6,17,36.2,4.4,18.0,8.8,0.4
,2019,6,18,0.0,0.0,0.0,0.0,0.0
,2019,6,19,0.0,0.0,1.0,0.0,0.0
,2019,6,20,3.0,0.0,46.0,6.4,4.2
,2019,6,21,15.0,0.0,51.0,0.0,0.0
,2019,6,22,0.0,0.0,0.0,0.0,0.0
,2019,6,23,0.0,0.0,0.0,0.0,0.0
,2019,6,24,0.0,0.0,0.0,0.0,0.0
,2019,6,25,0.0,0.0,0.0,0.0,0.0
,2019,6,26,0.0,19.0,0.0,0.0,0.0
,2019,6,27,0.0,0.0,0.0,0.0,0.0
,2019,6,28,45.0,0.0,6.0,0.0,0.0
,2019,6,29,3.4,18.0,20.0,4.2,0.0
,2019,6,30,0.0,0.0,0.0,0.0,0.0
,2019,7,1,0.0,0.0,0.0,0.0,0.0
,2019,7,2,11.0,0.0,2.0,0.0,0.0
,2019,7,3,0.0,0.0,3.0,0.0,0.0
,2019,7,4,0.0,15.0,0.0,0.0,0.0
,2019,7,5,5.3,0.0,0.0,0.0,0.0
,2019,7,6,5.8,12.8,6.0,0.0,0.0
,2019,7,7,3.1,3.0,0.0,0.0,0.0
,2019,7,8,0.0,0.0,0.0,2.0,0.0
,2019,7,9,0.0,0.0,0.0,2.6,0.0
,2019,7,10,0.0,0.0,0.0,0.0,0.0
,2019,7,11,0.0,0.0,0.0,0.0,0.0
,2019,7,12,0.0,0.0,0.0,0.0,0.0
,2019,7,13,0.0,0.0,0.0,0.0,0.0
,2019,7,14,0.0,0.0,3.2,0.0,0.0
,2019,7,15,0.0,0.0,0.0,0.0,0.0
,2019,7,16,0.0,0.0,13.1,0.0,0.0
,2019,7,17,0.0,30.2,10.4,10.8,3.6
,2019,7,18,0.0,0.0,0.0,3.8,1.0
,2019,7,19,0.6,0.8,1.3,0.0,0.0
,2019,7,20,0.0,0.0,0.0,4.2,0.0
,2019,7,21,0.0,0.0,0.0,0.0,0.0
,2019,7,22,0.0,0.0,0.0,0.0,0.0
,2019,7,23,12.6,2.6,2.8,0.0,0.0
,2019,7,24,9.2,3.0,7.5,12.8,4.2
,2019,7,25,4.4,0.0,2.4,7.2,10.0
,2019,7,26,0.0,2.0,0.0,0.0,0.0
,2019,7,27,0.0,0.0,0.0,0.0,0.0
,2019,7,28,0.0,0.0,0.0,0.0,0.0
,2019,7,29,0.0,0.0,0.0,0.0,0.0
,2019,7,30,0.0,0.0,0.0,0.0,0.0
,2019,7,31,0.0,0.0,0.0,0.0,0.0
,2019,8,1,0.0,0.0,0.0,0.0,0.0
,2019,8,2,0.0,0.0,0.0,0.0,0.0
,2019,8,3,0.0,120.4,0.0,0.0,0.0
,2019,8,4,0.0,3.4,0.0,4.6,0.0
,2019,8,5,0.0,0.0,0.0,0.0,0.0
,2019,8,6,0.0,0.0,0.0,0.0,0.0
,2019,8,7,0.0,0.0,0.0,0.0,0.0
,2019,8,8,0.0,0.0,0.0,0.0,0.0
,2019,8,9,0.0,0.0,0.0,0.0,0.0
,2019,8,10,0.0,0.0,0.0,0.0,0.0
,2019,8,11,0.0,0.0,0.0,0.0,0.0
,2019,8,12,0.0,0.0,0.0,0.0,0.0
,2019,8,13,0.0,10.8,0.0,0.0,0.0
,2019,8,14,0.0,0.0,1.2,0.0,0.0
,2019,8,15,1.8,0.0,0.0,0.0,0.0
,2019,8,16,0.0,0.0,0.0,0.0,0.0
,2019,8,17,0.0,0.0,0.0,0.0,0.0
,2019,8,18,0.0,0.0,0.0,0.0,0.0
,2019,8,19,0.0,0.0,0.0,0.0,0.0
,2019,8,20,0.0,0.0,0.0,0.0,0.0
,2019,8,21,0.0,28.0,0.0,0.0,0.0
,2019,8,22,0.0,0.0,0.0,0.0,0.0
,2019,8,23,0.0,0.0,0.0,0.0,0.0
,2019,8,24,0.0,0.0,0.0,0.0,0.0
,2019,8,25,0.0,0.0,0.0,0.0,0.0
,2019,8,26,0.0,16.0,0.0,0.0,0.0
,2019,8,27,0.0,0.0,0.0,0.0,0.0
,2019,8,28,0.0,0.0,0.0,0.0,0.0
,2019,8,29,0.0,0.0,0.0,0.0,0.0
,2019,8,30,0.0,0.0,0.0,0.0,0.0
,2019,8,31,0.0,0.0,0.0,0.0,0.0
,2019,9,1,0.0,0.0,4.0,0.0,0.0
,2019,9,2,0.0,0.0,10.0,0.0,0.0
,2019,9,3,0.0,0.0,0.0,0.0,0.0
,2019,9,4,17.2,5.2,18.0,20.4,3.2
,2019,9,5,0.0,2.0,0.0,7.2,2.0
,2019,9,6,0.0,0.0,0.0,3.0,0.0
,2019,9,7,0.0,0.0,0.0,1.0,0.0
,2019,9,8,0.0,0.0,0.0,0.0,0.0
,2019,9,9,0.0,0.0,0.0,0.0,0.0
,2019,9,10,0.0,0.0,0.0,0.0,0.0
,2019,9,11,16.9,0.0,0.0,1.0,0.0
,2019,9,12,0.8,0.0,6.0,0.0,0.0
,2019,9,13,0.0,0.0,0.0,6.0,0.0
,2019,9,14,0.0,2.0,0.0,0.0,0.0
,2019,9,15,0.0,0.0,0.0,0.0,0.0
,2019,9,16,0.0,0.0,0.0,0.0,0.0
,2019,9,17,0.0,0.0,0.0,0.0,0.0
,2019,9,18,0.0,0.0,0.0,0.0,0.0
,2019,9,19,0.0,0.0,2.5,0.0,0.0
,2019,9,20,0.0,0.0,54.8,0.0,0.0
,2019,9,21,15.5,60.2,43.3,14.0,4.0
,2019,9,22,18.4,9.2,22.4,8.0,6.0
,2019,9,23,0.0,0.0,0.0,1.0,1.0
,2019,9,24,0.0,0.0,0.0,1.0,1.0
,2019,9,25,0.0,0.0,0.0,19.2,20.0
,2019,9,26,0.0,10.4,38.5,0.0,2.0
,2019,9,27,7.2,6.5,2.1,1.0,2.0
,2019,9,28,0.0,0.0,0.0,5.6,6.0
,2019,9,29,1.5,8.0,5.2,0.0,0.0
,2019,9,30,0.0,0.0,1.1,15.6,2.8
,2019,10,1,0.8,0.0,0.0,16.2,6.2
,2019,10,2,4.6,13.6,8.4,3.2,0.2
,2019,10,3,0.2,0.0,0.0,3.8,0.3
,2019,10,4,18.0,2.0,48.3,6.4,5.600000000000001
,2019,10,5,25.2,1.0,22.4,0.2,0.2
,2019,10,6,18.4,10.0,6.6,0.4,1.2
,2019,10,7,7.0,132.0,32.6,8.4,0.4
,2019,10,8,0.0,3.0,0.0,0.0,0.2
,2019,10,9,0.0,0.0,0.0,0.0,0.2
,2019,10,10,0.0,0.0,0.0,0.0,0.0
,2019,10,11,47.0,0.0,14.2,6.4,2.0
,2019,10,12,0.6,20.0,0.0,0.0,0.0
,2019,10,13,2.8,12.2,0.0,12.0,4.0
,2019,10,14,1.0,0.0,7.399999999999999,0.0,0.0
,2019,10,15,11.2,0.0,64.3,2.0,0.0
,2019,10,16,7.0,4.0,11.1,9.0,4.0
,2019,10,17,14.4,1.0,8.1,12.0,2.0
,2019,10,18,3.8,0.0,7.4,8.0,2.6
,2019,10,19,9.6,0.0,38.2,10.0,4.0
,2019,10,20,25.4,33.4,1.4,0.0,0.0
,2019,10,21,2.0,4.0,0.0,0.0,0.0
,2019,10,22,1.2,7.6,2.2,0.0,0.0
,2019,10,23,2.6,10.4,1.4,0.0,0.0
,2019,10,24,0.0,1.0,0.0,0.0,0.0
,2019,10,25,0.0,0.0,0.0,0.0,0.0
,2019,10,26,0.3,14.6,0.0,0.0,0.0
,2019,10,27,18.4,2.4,6.0,0.0,0.0
,2019,10,28,0.0,3.4,0.0,0.0,0.0
,2019,10,29,0.0,1.2,0.8,0.0,0.0
,2019,10,30,0.0,15.0,0.0,0.0,0.0
,2019,10,31,0.4,36.0,0.0,2.0,0.0
,2019,11,1,11.8,0.2,26.2,12.0,2.0
,2019,11,2,0.0,0.0,0.8,0.0,0.0
,2019,11,3,63.6,0.0,9.0,0.0,0.0
,2019,11,4,4.600000000000001,0.0,8.0,8.0,2.0
,2019,11,5,14.6,64.2,32.6,4.0,0.0
,2019,11,6,0.4,2.0,0.6,0.0,0.0
,2019,11,7,7.8,43.0,1.0,6.0,0.0
,2019,11,8,21.6,28.0,8.2,0.0,0.0
,2019,11,9,1.8,0.0,3.6,0.0,0.0
,2019,11,10,4.0,3.2,0.0,0.0,0.0
,2019,11,11,28.4,46.4,18.8,18.0,15.0
,2019,11,12,2.8,4.4,2.6,20.0,20.0
,2019,11,13,0.0,0.0,1.8,3.0,4.0
,2019,11,14,0.0,0.0,0.0,0.0,0.0
,2019,11,15,63.4,1.2,16.8,5.0,4.0
,2019,11,16,32.4,34.0,31.4,5.0,4.0
,2019,11,17,1.4,0.0,9.1,0.0,0.0
,2019,11,18,0.0,0.0,0.0,3.5,3.0
,2019,11,19,1.2,0.0,2.3,7.0,0.0
,2019,11,20,28.6,0.0,9.4,10.0,6.0
,2019,11,21,2.2,10.2,1.2,0.0,0.0
,2019,11,22,1.2,0.0,0.0,0.0,0.0
,2019,11,23,0.0,11.6,0.0,2.0,0.0
,2019,11,24,21.8,5.6,45.6,12.0,8.0
,2019,11,25,2.4,62.4,2.1,4.0,2.0
,2019,11,26,0.0,0.0,1.2,2.0,0.0
,2019,11,27,1.8,12.5,1.6,0.0,0.0
,2019,11,28,0.0,8.0,1.2,0.0,0.0
,2019,11,29,2.2,4.2,4.2,6.0,2.0
,2019,11,30,13.0,1.6,2.4,0.0,0.0
,2019,12,1,8.4,17.0,0.0,0.0,0.0
,2019,12,2,17.4,0.0,0.0,4.0,0.0
,2019,12,3,42.8,42.9,14.0,2.0,0.0
,2019,12,4,6.9,19.6,17.0,0.0,0.0
,2019,12,5,3.8,5.4,8.0,10.0,2.0
,2019,12,6,18.8,20.6,3.0,2.0,0.0
,2019,12,7,0.8,1.0,0.0,4.0,2.0
,2019,12,8,5.0,16.1,15.0,8.0,0.0
,2019,12,9,2.6,16.6,32.0,0.0,0.0
,2019,12,10,1.2,65.0,1.6,2.0,0.0
,2019,12,11,0.6,57.4,0.0,8.0,2.0
,2019,12,12,10.6,10.6,7.0,4.0,0.0
,2019,12,13,1.6,10.9,0.0,2.0,0.0
,2019,12,14,5.1,10.7,0.0,4.0,0.0
,2019,12,15,0.4,18.2,0.0,8.0,2.0
,2019,12,16,2.7,4.8,0.0,4.0,0.0
,2019,12,17,3.2,5.0,34.9,0.0,0.0
,2019,12,18,15.0,116.0,6.4,2.0,0.0
,2019,12,19,6.1,94.2,17.4,18.0,4.0
,2019,12,20,2.6,50.4,3.5,0.0,0.0
,2019,12,21,21.2,2.2,8.3,6.0,7.600000000000001
,2019,12,22,19.8,1.0,48.40000000000001,28.0,14.0
,2019,12,23,4.8,1.0,8.5,5.2,15.2
,2019,12,24,36.4,3.4,58.2,26.6,23.0
,2019,12,25,5.0,1.0,7.9,3.2,3.6
,2019,12,26,23.4,3.4,56.6,16.0,6.2
,2019,12,27,4.6,6.4,62.40000000000001,0.4,0.6000000000000001
,2019,12,28,8.1,103.6,3.0,0.0,0.0
,2019,12,29,4.6,30.0,16.5,12.0,11.0
,2019,12,30,4.2,72.2,14.0,4.0,2.0
,2019,12,31,2.4,20.0,4.4,1.0,2.0
,